# Blender 5.1.0
# www.blender.org
mtllib bottle.mtl
o kirkwater
v 0.321056 4.698807 -0.757959
v -0.757960 4.698807 0.321056
v -0.321058 4.698807 0.757959
v 0.757958 4.698807 0.321057
v 0.321055 4.698807 0.757959
v 0.757958 4.698807 -0.321056
v -0.757960 4.698807 -0.321057
v -0.321057 4.698807 -0.757959
v 0.303235 5.465631 0.128445
v -0.303237 5.465631 0.128445
v -0.128446 5.465631 0.303236
v 0.128444 5.465631 -0.303236
v -0.128446 5.465631 -0.303236
v 0.303235 5.465631 -0.128444
v -0.303237 5.465631 -0.128445
v 0.128443 5.465631 0.303236
v 0.131655 5.332719 0.310817
v -0.310818 5.332719 -0.131656
v 0.310816 5.332719 -0.131655
v -0.131657 5.332719 -0.310817
v 0.131655 5.332719 -0.310817
v -0.131657 5.332719 0.310817
v -0.310818 5.332719 0.131656
v 0.310816 5.332719 0.131656
v 0.100476 0.348141 -0.042560
v -0.100476 0.348141 -0.042560
v -0.042560 0.348141 0.100476
v 0.042560 0.348141 -0.100476
v -0.042560 0.348141 -0.100476
v -0.100476 0.348141 0.042559
v 0.042560 0.348141 0.100476
v 0.100476 0.348141 0.042560
v 0.620725 0.180104 -0.006897
v 0.210176 0.180104 -0.088994
v 0.460476 0.180104 -0.451014
v 0.451015 0.180104 -0.460475
v -0.210176 0.180104 -0.088994
v 0.460475 0.180104 0.451015
v 0.451014 0.180104 0.460476
v -0.620725 0.180104 0.006896
v 0.088994 0.180104 0.210176
v -0.210176 0.180104 0.088994
v -0.451014 0.180104 -0.460476
v 0.006897 0.180104 0.620725
v -0.088994 0.180104 -0.210176
v -0.460476 0.180104 0.451014
v -0.006896 0.180104 -0.620726
v 0.210176 0.180104 0.088994
v 0.620725 0.180104 0.006897
v -0.620725 0.180104 -0.006897
v -0.460475 0.180104 -0.451015
v -0.006897 0.180104 0.620725
v 0.088994 0.180104 -0.210176
v -0.451015 0.180104 0.460475
v 0.006897 0.180104 -0.620726
v -0.088994 0.180104 0.210176
v 0.918493 2.790039 0.389059
v -0.389060 2.790039 0.918494
v -0.918494 2.790039 -0.389059
v 0.389057 2.790039 0.918494
v -0.918495 2.790039 0.389058
v 0.918494 2.790039 -0.389058
v 0.389059 2.790039 -0.918494
v -0.389058 2.790039 -0.918494
v -0.323982 0.009215 -0.767875
v 0.323982 0.009215 0.767875
v 0.767875 0.009215 -0.323982
v -0.767875 0.009215 0.323982
v 0.462906 0.009215 -0.371066
v -0.573244 0.009215 0.065276
v 0.065277 0.009215 0.573243
v -0.065277 0.009215 -0.573244
v 0.371066 0.009215 0.462906
v 0.573244 0.009215 -0.065277
v -0.371066 0.009215 -0.462906
v -0.462906 0.009215 0.371066
v 0.112361 0.009215 0.268275
v -0.268275 0.009215 0.112361
v -0.112361 0.009215 -0.268275
v 0.268275 0.009215 -0.112361
v 0.767875 0.009215 0.323982
v -0.323982 0.009215 0.767875
v -0.767875 0.009215 -0.323983
v 0.323982 0.009215 -0.767875
v 0.371067 0.009215 -0.462906
v -0.573244 0.009215 -0.065277
v -0.065277 0.009215 0.573243
v 0.065277 0.009215 -0.573244
v 0.462906 0.009215 0.371067
v 0.573244 0.009215 0.065277
v -0.462906 0.009215 -0.371067
v -0.371067 0.009215 0.462906
v 0.268275 0.009215 0.112361
v 0.112362 0.009215 -0.268275
v -0.112361 0.009215 0.268275
v -0.268275 0.009215 -0.112362
v 0.335013 5.488054 0.141906
v -0.141907 5.488054 0.335014
v 0.141905 5.488054 -0.335014
v 0.335013 5.488054 -0.141905
v -0.141906 5.488054 -0.335014
v -0.335015 5.488054 -0.141905
v 0.141904 5.488054 0.335014
v -0.335015 5.488054 0.141905
v 0.314127 5.496329 -0.133058
v -0.133059 5.496329 -0.314128
v -0.314129 5.496329 -0.133059
v 0.133057 5.496329 0.314128
v -0.314129 5.496329 0.133058
v 0.314127 5.496329 0.133059
v -0.133060 5.496329 0.314128
v 0.133058 5.496329 -0.314128
v 0.286259 5.540329 0.121255
v -0.121255 5.540329 0.286260
v 0.121253 5.540329 -0.286260
v 0.286259 5.540329 -0.121254
v -0.121255 5.540329 -0.286260
v -0.286261 5.540329 -0.121254
v 0.121253 5.540329 0.286261
v -0.286261 5.540329 0.121254
v 0.899983 0.328015 0.381208
v -0.381207 0.328014 -0.899984
v -0.381208 0.328014 0.899983
v -0.899983 0.328014 -0.381208
v 0.915709 4.252697 0.387878
v -0.387877 4.252697 -0.915711
v -0.387878 4.252697 0.915710
v -0.915711 4.252697 -0.387877
v 0.381207 0.328015 -0.899983
v 0.381207 0.328015 0.899983
v 0.387877 4.252697 -0.915710
v 0.387875 4.252697 0.915711
v 0.899983 0.328015 -0.381207
v -0.899984 0.328014 0.381207
v 0.915710 4.252697 -0.387876
v -0.915712 4.252697 0.387876
v -0.000000 4.698807 -0.815882
v -0.590812 4.698807 0.590810
v -0.000002 4.698807 0.815882
v 0.815881 4.698807 0.000001
v 0.590810 4.698807 -0.590810
v -0.815883 4.698807 -0.000000
v 0.590809 4.698807 0.590811
v -0.590811 4.698807 -0.590810
v -0.352940 4.545887 -0.833230
v -0.833231 4.545887 -0.352940
v 0.833230 4.545887 -0.352939
v 0.352938 4.545887 0.833230
v 0.833229 4.545887 0.352941
v -0.352941 4.545887 0.833230
v -0.833231 4.545887 0.352939
v 0.352940 4.545887 -0.833230
v -0.307209 5.475480 0.130127
v 0.307207 5.475480 -0.130127
v 0.130126 5.475480 0.307208
v 0.130127 5.475480 -0.307208
v -0.307209 5.475480 -0.130127
v -0.130129 5.475480 0.307208
v -0.130128 5.475480 -0.307208
v 0.307207 5.475480 0.130128
v 0.242273 5.332719 0.242274
v 0.326408 5.465631 0.000000
v -0.334570 5.332719 -0.000000
v -0.236366 5.465631 0.236365
v -0.000001 5.465631 0.326409
v 0.242273 5.332719 -0.242274
v -0.000001 5.465631 -0.326409
v -0.236366 5.465631 -0.236365
v 0.334568 5.332719 0.000000
v -0.242275 5.332719 0.242274
v -0.000001 5.332719 0.334569
v -0.000001 5.332719 -0.334569
v -0.242275 5.332719 -0.242274
v -0.000000 0.275868 -0.000000
v 0.466320 0.263412 -0.466319
v 0.108154 0.348141 -0.000000
v -0.634848 0.263412 -0.000000
v -0.078318 0.348141 -0.078319
v -0.000000 0.263412 0.634848
v -0.078319 0.348141 0.078318
v 0.000000 0.263412 -0.634848
v 0.466319 0.263412 0.466320
v 0.078318 0.348141 -0.078319
v 0.634848 0.263412 0.000000
v -0.108154 0.348141 -0.000000
v -0.466319 0.263412 -0.466320
v -0.000000 0.348141 0.108154
v -0.466320 0.263412 0.466319
v 0.000000 0.348141 -0.108154
v 0.078318 0.348141 0.078318
v 0.178139 0.305066 0.075448
v 0.075448 0.305066 0.178139
v -0.178139 0.305066 0.075448
v -0.075448 0.305066 -0.178139
v 0.075448 0.305066 -0.178139
v -0.075448 0.305066 0.178139
v -0.178139 0.305066 -0.075448
v 0.178139 0.305066 -0.075448
v -0.346254 0.054073 -0.818294
v 0.346254 0.054074 0.818294
v 0.818294 0.054074 -0.346254
v -0.818294 0.054073 0.346254
v 0.452874 0.054074 -0.418088
v -0.594733 0.054073 0.024940
v 0.024940 0.054073 0.594733
v -0.024940 0.054073 -0.594733
v 0.418087 0.054074 0.452874
v 0.594733 0.054074 -0.024940
v -0.418087 0.054073 -0.452874
v -0.452874 0.054073 0.418087
v 0.096773 0.054073 0.229313
v -0.229313 0.054073 0.096773
v -0.096773 0.054073 -0.229313
v 0.229313 0.054073 -0.096774
v 0.568777 0.180104 0.703678
v 0.222222 0.180104 0.257335
v 0.703678 0.180104 -0.568777
v 0.257335 0.180104 -0.222222
v 0.328229 0.180104 -0.025747
v 0.873160 0.180104 -0.099075
v -0.328229 0.180104 0.025747
v -0.873160 0.180104 0.099075
v 0.025747 0.180104 0.328229
v -0.257335 0.180104 0.222222
v 0.099075 0.180104 0.873160
v -0.568777 0.180104 -0.703679
v -0.222222 0.180104 -0.257336
v -0.703679 0.180104 0.568777
v -0.025747 0.180104 -0.328229
v -0.099075 0.180104 -0.873160
v 0.818294 0.054074 0.346255
v -0.346255 0.054073 0.818294
v -0.818294 0.054073 -0.346255
v 0.346255 0.054074 -0.818294
v 0.418088 0.054074 -0.452874
v -0.594733 0.054073 -0.024941
v -0.024940 0.054073 0.594732
v 0.024941 0.054073 -0.594733
v 0.452874 0.054074 0.418088
v 0.594733 0.054074 0.024940
v -0.452874 0.054073 -0.418088
v -0.418088 0.054073 0.452874
v 0.229313 0.054073 0.096774
v 0.096774 0.054073 -0.229313
v -0.096774 0.054073 0.229313
v -0.229313 0.054073 -0.096774
v 0.257335 0.180104 0.222222
v 0.703678 0.180104 0.568778
v -0.328229 0.180104 -0.025747
v -0.257335 0.180104 -0.222222
v 0.222222 0.180104 -0.257335
v 0.568778 0.180104 -0.703678
v -0.568778 0.180104 0.703678
v -0.099076 0.180104 0.873160
v 0.328229 0.180104 0.025747
v 0.873160 0.180104 0.099076
v -0.873159 0.180104 -0.099076
v 0.099076 0.180104 -0.873160
v -0.703678 0.180104 -0.568778
v -0.025747 0.180104 0.328229
v 0.025747 0.180104 -0.328229
v -0.222222 0.180104 0.257335
v 0.715947 2.790041 -0.715946
v 0.715946 2.790041 0.715947
v -0.715948 2.790041 0.715946
v -0.715947 2.790041 -0.715947
v 0.000000 2.790037 -0.988682
v -0.000001 2.790037 0.988683
v -0.988683 2.790037 -0.000001
v 0.988682 2.790037 0.000001
v 0.855127 0.518831 -0.362215
v 0.895748 0.645045 -0.379421
v 0.854086 0.879115 -0.361773
v 0.895446 1.040017 -0.379293
v 0.851235 1.257704 -0.360567
v 0.887207 1.439476 -0.375808
v 0.837961 1.638310 -0.354946
v 0.872363 1.833338 -0.369526
v 0.829531 2.007987 -0.351376
v 0.874030 2.218667 -0.370231
v 0.838599 2.378004 -0.355216
v 0.901241 2.640968 -0.381751
v -0.855128 0.518831 0.362215
v -0.895749 0.645045 0.379421
v -0.854086 0.879115 0.361773
v -0.895447 1.040017 0.379293
v -0.851235 1.257704 0.360567
v -0.887208 1.439476 0.375808
v -0.837962 1.638310 0.354946
v -0.872364 1.833338 0.369526
v -0.829531 2.007986 0.351376
v -0.874031 2.218667 0.370231
v -0.838599 2.378003 0.355216
v -0.901242 2.640967 0.381752
v 0.362215 0.518831 0.855127
v 0.379421 0.645045 0.895749
v 0.361773 0.879115 0.854086
v 0.379293 1.040017 0.895447
v 0.360567 1.257704 0.851235
v 0.375808 1.439476 0.887208
v 0.354946 1.638310 0.837961
v 0.369526 1.833338 0.872363
v 0.351375 2.007987 0.829531
v 0.370231 2.218667 0.874030
v 0.355215 2.378003 0.838599
v 0.381751 2.640968 0.901242
v -0.855127 0.518831 -0.362216
v -0.895748 0.645045 -0.379422
v -0.854086 0.879115 -0.361774
v -0.895446 1.040017 -0.379294
v -0.851235 1.257704 -0.360568
v -0.887207 1.439476 -0.375809
v -0.837961 1.638310 -0.354947
v -0.872363 1.833338 -0.369527
v -0.829531 2.007986 -0.351377
v -0.874030 2.218667 -0.370232
v -0.838599 2.378003 -0.355217
v -0.901242 2.640967 -0.381752
v -0.362216 0.518831 0.855127
v -0.379422 0.645045 0.895748
v -0.361774 0.879115 0.854086
v -0.379294 1.040017 0.895446
v -0.360568 1.257704 0.851235
v -0.375809 1.439476 0.887207
v -0.354947 1.638310 0.837961
v -0.369527 1.833338 0.872363
v -0.351377 2.007987 0.829531
v -0.370232 2.218667 0.874030
v -0.355217 2.378003 0.838599
v -0.381753 2.640968 0.901241
v 0.855127 0.518831 0.362215
v 0.895748 0.645045 0.379422
v 0.854085 0.879115 0.361774
v 0.895446 1.040017 0.379294
v 0.851235 1.257704 0.360568
v 0.887207 1.439476 0.375809
v 0.837961 1.638310 0.354947
v 0.872363 1.833338 0.369527
v 0.829530 2.007987 0.351377
v 0.874030 2.218667 0.370232
v 0.838598 2.378004 0.355217
v 0.901241 2.640968 0.381753
v 0.381752 2.640968 -0.901241
v 0.355216 2.378003 -0.838599
v 0.370232 2.218667 -0.874030
v 0.351376 2.007987 -0.829531
v 0.369527 1.833338 -0.872363
v 0.354946 1.638310 -0.837961
v 0.375809 1.439476 -0.887207
v 0.360567 1.257704 -0.851235
v 0.379294 1.040017 -0.895446
v 0.361774 0.879115 -0.854086
v 0.379422 0.645045 -0.895748
v 0.362215 0.518831 -0.855127
v -0.381752 2.640968 -0.901242
v -0.355216 2.378003 -0.838599
v -0.370231 2.218667 -0.874030
v -0.351376 2.007987 -0.829531
v -0.369526 1.833337 -0.872363
v -0.354946 1.638310 -0.837961
v -0.375808 1.439476 -0.887208
v -0.360567 1.257704 -0.851235
v -0.379293 1.040017 -0.895447
v -0.361773 0.879115 -0.854086
v -0.379421 0.645045 -0.895749
v -0.362215 0.518831 -0.855128
v -0.133119 0.009215 -0.764749
v -0.461940 0.009215 -0.646101
v 0.133119 0.009215 0.764749
v 0.461940 0.009215 0.646101
v 0.764749 0.009215 -0.133119
v 0.646101 0.009215 -0.461940
v -0.764749 0.009215 0.133118
v -0.646101 0.009215 0.461940
v 0.307296 0.009215 -0.203746
v -0.354154 0.009215 0.073882
v 0.073882 0.009215 0.354154
v -0.073882 0.009215 -0.354154
v 0.203746 0.009215 0.307296
v 0.354154 0.009215 -0.073882
v -0.203746 0.009215 -0.307296
v -0.307296 0.009215 0.203746
v 0.646101 0.009215 0.461940
v 0.764749 0.009215 0.133119
v -0.461940 0.009215 0.646101
v -0.133119 0.009215 0.764749
v -0.646101 0.009215 -0.461940
v -0.764749 0.009215 -0.133120
v 0.461940 0.009215 -0.646101
v 0.133119 0.009215 -0.764749
v 0.203746 0.009215 -0.307296
v -0.354154 0.009215 -0.073882
v -0.073882 0.009215 0.354154
v 0.073882 0.009215 -0.354154
v 0.307296 0.009215 0.203746
v 0.354154 0.009215 0.073882
v -0.307296 0.009215 -0.203746
v -0.203746 0.009215 0.307296
v -0.331043 5.481696 0.140223
v 0.331041 5.481696 -0.140222
v 0.140221 5.481696 0.331042
v 0.140222 5.481696 -0.331041
v -0.331043 5.481696 -0.140223
v -0.140224 5.481696 0.331042
v -0.140224 5.481696 -0.331042
v 0.331041 5.481696 0.140223
v -0.329794 5.494261 0.139694
v 0.329792 5.494261 -0.139693
v 0.139692 5.494261 0.329793
v 0.139693 5.494261 -0.329792
v -0.329793 5.494261 -0.139694
v -0.139695 5.494261 0.329793
v -0.139694 5.494261 -0.329792
v 0.329791 5.494261 0.139694
v 0.360615 5.488054 0.000000
v 0.261134 5.488054 0.261136
v -0.000001 5.488054 0.360616
v -0.261136 5.488054 0.261135
v -0.000001 5.488054 -0.360615
v 0.261134 5.488054 -0.261135
v -0.261136 5.488054 -0.261135
v -0.360617 5.488054 -0.000000
v -0.296719 5.507329 0.125684
v 0.296717 5.507329 -0.125684
v 0.125683 5.507329 0.296719
v 0.125683 5.507329 -0.296718
v -0.296719 5.507329 -0.125684
v -0.125685 5.507329 0.296718
v -0.125685 5.507329 -0.296718
v 0.296717 5.507329 0.125684
v 0.244854 5.496329 -0.244855
v 0.338133 5.496329 0.000000
v -0.244856 5.496329 -0.244855
v -0.000001 5.496329 -0.338134
v -0.338135 5.496329 -0.000000
v 0.244854 5.496329 0.244856
v -0.000001 5.496329 0.338134
v -0.244856 5.496329 0.244855
v -0.279279 5.584328 0.118297
v 0.279277 5.584328 -0.118296
v 0.118296 5.584328 0.279279
v 0.118296 5.584328 -0.279278
v -0.279279 5.584328 -0.118297
v -0.118298 5.584328 0.279278
v -0.118298 5.584328 -0.279278
v 0.279277 5.584328 0.118297
v 0.308135 5.540329 0.000000
v 0.223132 5.540329 0.223133
v -0.000001 5.540329 0.308136
v -0.223134 5.540329 0.223133
v -0.000001 5.540329 -0.308136
v 0.223132 5.540329 -0.223133
v -0.223134 5.540329 -0.223133
v -0.308137 5.540329 -0.000000
v 0.236364 5.465631 0.236365
v -0.326410 5.465631 -0.000000
v 0.236364 5.465631 -0.236365
v 0.708938 0.319894 -0.708938
v 0.708938 0.319894 0.708938
v -0.708938 0.319894 0.708938
v -0.708937 0.319894 -0.708939
v 0.713774 4.252697 -0.713773
v 0.713772 4.252697 0.713775
v -0.713775 4.252697 0.713773
v -0.713774 4.252697 -0.713774
v 0.000000 0.319894 -0.971135
v -0.000000 0.319894 0.971136
v -0.000000 4.252697 -0.985689
v -0.000002 4.252697 0.985689
v 0.971135 0.319894 0.000000
v -0.971136 0.319894 -0.000001
v 0.985688 4.252697 0.000001
v -0.985690 4.252697 -0.000001
v 0.649482 4.545887 -0.649482
v -0.896906 4.545887 -0.000000
v 0.649481 4.545887 0.649483
v -0.649483 4.545887 -0.649482
v -0.000000 4.545887 -0.896905
v -0.649484 4.545887 0.649482
v -0.000002 4.545887 0.896905
v 0.896905 4.545887 0.000001
v 0.239460 5.475480 0.239462
v 0.239460 5.475480 -0.239461
v -0.239462 5.475480 0.239461
v -0.239462 5.475480 -0.239461
v -0.000001 5.475480 -0.330685
v -0.000001 5.475480 0.330685
v 0.330684 5.475480 0.000000
v -0.330686 5.475480 -0.000000
v 0.189492 0.309695 -0.189492
v 0.259171 0.309695 0.000000
v -0.259171 0.309695 -0.000000
v -0.189492 0.309695 -0.189493
v -0.000000 0.309695 0.259171
v -0.189492 0.309695 0.189492
v 0.000000 0.309695 -0.259171
v 0.189492 0.309695 0.189492
v -0.000001 2.640965 0.970110
v -0.000001 2.378002 0.902682
v -0.000001 2.218664 0.940814
v -0.000001 2.007987 0.892920
v -0.000001 1.833340 0.939018
v -0.000001 1.638311 0.901995
v -0.000001 1.439479 0.955003
v -0.000001 1.257705 0.916285
v -0.000001 1.040017 0.963876
v -0.000001 0.879115 0.919355
v -0.000001 0.645045 0.964201
v -0.000000 0.518831 0.920476
v -0.970111 2.640965 -0.000001
v -0.902682 2.378002 -0.000001
v -0.940814 2.218664 -0.000001
v -0.892920 2.007986 -0.000001
v -0.939019 1.833339 -0.000001
v -0.901995 1.638311 -0.000001
v -0.955003 1.439479 -0.000001
v -0.916286 1.257705 -0.000001
v -0.963876 1.040017 -0.000001
v -0.919355 0.879115 -0.000001
v -0.964201 0.645045 -0.000001
v -0.920476 0.518831 -0.000001
v 0.970110 2.640965 0.000001
v 0.902682 2.378003 0.000001
v 0.940813 2.218665 0.000001
v 0.892920 2.007987 0.000001
v 0.939018 1.833340 0.000001
v 0.901995 1.638311 0.000000
v 0.955002 1.439479 0.000001
v 0.916285 1.257705 0.000000
v 0.963876 1.040017 0.000000
v 0.919355 0.879115 0.000000
v 0.964201 0.645045 0.000000
v 0.920476 0.518831 0.000000
v 0.666551 0.518831 -0.666550
v 0.698214 0.645045 -0.698214
v 0.665739 0.879115 -0.665739
v 0.697979 1.040017 -0.697978
v 0.663518 1.257704 -0.663518
v 0.691562 1.439473 -0.691562
v 0.653173 1.638310 -0.653173
v 0.679999 1.833336 -0.679998
v 0.646603 2.007987 -0.646603
v 0.681297 2.218670 -0.681297
v 0.653670 2.378004 -0.653670
v 0.702500 2.640970 -0.702500
v 0.666550 0.518831 0.666551
v 0.698213 0.645045 0.698214
v 0.665738 0.879115 0.665739
v 0.697978 1.040017 0.697979
v 0.663517 1.257704 0.663518
v 0.691562 1.439473 0.691563
v 0.653173 1.638310 0.653174
v 0.679998 1.833336 0.679999
v 0.646602 2.007987 0.646603
v 0.681296 2.218670 0.681297
v 0.653669 2.378004 0.653670
v 0.702499 2.640970 0.702501
v -0.666551 0.518831 0.666550
v -0.698214 0.645045 0.698213
v -0.665739 0.879115 0.665738
v -0.697979 1.040017 0.697978
v -0.663518 1.257704 0.663517
v -0.691563 1.439473 0.691562
v -0.653174 1.638309 0.653173
v -0.680000 1.833336 0.679998
v -0.646604 2.007987 0.646603
v -0.681298 2.218670 0.681297
v -0.653671 2.378004 0.653670
v -0.702501 2.640970 0.702500
v -0.666550 0.518831 -0.666551
v -0.698213 0.645045 -0.698214
v -0.665738 0.879115 -0.665739
v -0.697978 1.040017 -0.697979
v -0.663518 1.257704 -0.663518
v -0.691562 1.439473 -0.691563
v -0.653173 1.638309 -0.653174
v -0.679999 1.833336 -0.679999
v -0.646603 2.007987 -0.646603
v -0.681297 2.218670 -0.681297
v -0.653670 2.378004 -0.653670
v -0.702500 2.640970 -0.702501
v 0.000000 0.518831 -0.920476
v 0.000000 0.645045 -0.964201
v 0.000000 0.879115 -0.919355
v 0.000000 1.040017 -0.963876
v 0.000000 1.257705 -0.916286
v 0.000000 1.439479 -0.955003
v 0.000000 1.638311 -0.901995
v 0.000000 1.833340 -0.939018
v 0.000000 2.007987 -0.892920
v 0.000000 2.218664 -0.940814
v 0.000000 2.378002 -0.902682
v 0.000000 2.640965 -0.970110
v -0.108152 0.054073 -0.819333
v -0.521985 0.054073 -0.670010
v 0.521986 0.054074 0.670010
v 0.108152 0.054073 0.819332
v 0.670010 0.054074 -0.521986
v 0.819332 0.054074 -0.108152
v -0.670010 0.054073 0.521985
v -0.819332 0.054073 0.108152
v 0.271203 0.054074 -0.215903
v -0.334668 0.054073 0.040014
v 0.040015 0.054073 0.334668
v -0.040014 0.054073 -0.334668
v 0.215903 0.054073 0.271203
v 0.334668 0.054074 -0.040015
v -0.215902 0.054073 -0.271203
v -0.271203 0.054073 0.215902
v 0.819332 0.054074 0.108153
v 0.670010 0.054074 0.521986
v -0.108153 0.054073 0.819332
v -0.521986 0.054073 0.670010
v -0.819332 0.054073 -0.108153
v -0.670010 0.054073 -0.521986
v 0.521986 0.054074 -0.670010
v 0.108153 0.054073 -0.819332
v 0.215903 0.054073 -0.271203
v -0.334668 0.054073 -0.040015
v -0.040015 0.054073 0.334668
v 0.040015 0.054073 -0.334668
v 0.271203 0.054074 0.215903
v 0.334668 0.054074 0.040015
v -0.271203 0.054073 -0.215903
v -0.215903 0.054073 0.271203
v 0.258038 5.481696 0.258039
v 0.258038 5.481696 -0.258038
v -0.258040 5.481696 0.258039
v -0.258040 5.481696 -0.258039
v -0.000001 5.481696 -0.356340
v -0.000001 5.481696 0.356340
v 0.356339 5.481696 0.000000
v -0.356341 5.481696 -0.000000
v 0.257064 5.494260 0.257066
v 0.257064 5.494260 -0.257065
v -0.257066 5.494260 0.257065
v -0.257066 5.494260 -0.257065
v -0.000001 5.494260 -0.354995
v -0.000001 5.494260 0.354995
v 0.354994 5.494260 0.000000
v -0.354996 5.494260 -0.000000
v 0.231283 5.507329 0.231285
v 0.231284 5.507329 -0.231284
v -0.231286 5.507329 0.231285
v -0.231285 5.507329 -0.231285
v -0.000001 5.507329 -0.319393
v -0.000001 5.507329 0.319394
v 0.319392 5.507329 0.000000
v -0.319394 5.507329 -0.000000
v 0.217689 5.584328 0.217691
v 0.217690 5.584328 -0.217690
v -0.217692 5.584328 0.217691
v -0.217692 5.584328 -0.217691
v -0.000001 5.584328 -0.300621
v -0.000001 5.584328 0.300621
v 0.300620 5.584328 0.000000
v -0.300622 5.584328 -0.000000
v 0.653670 2.378004 -0.653670
v 0.838599 2.378004 -0.355216
v 0.902682 2.378003 0.000001
v -0.653671 2.378004 0.653670
v -0.838599 2.378003 0.355216
v -0.902682 2.378002 -0.000001
v 0.653669 2.378004 0.653670
v 0.355215 2.378003 0.838599
v -0.000001 2.378002 0.902682
v -0.838599 2.378003 -0.355217
v -0.653670 2.378004 -0.653670
v -0.355217 2.378003 0.838599
v 0.838598 2.378004 0.355217
v 0.355216 2.378003 -0.838599
v 0.000000 2.378002 -0.902682
v -0.355216 2.378003 -0.838599
v 0.646603 2.007987 -0.646603
v 0.829531 2.007987 -0.351376
v 0.892920 2.007987 0.000001
v -0.646604 2.007987 0.646603
v -0.829531 2.007986 0.351376
v -0.892920 2.007986 -0.000001
v 0.646602 2.007987 0.646603
v 0.351375 2.007987 0.829531
v -0.000001 2.007987 0.892920
v -0.829531 2.007986 -0.351377
v -0.646603 2.007987 -0.646603
v -0.351377 2.007987 0.829531
v 0.829530 2.007987 0.351377
v 0.351376 2.007987 -0.829531
v 0.000000 2.007987 -0.892920
v -0.351376 2.007987 -0.829531
v 0.663518 1.257704 -0.663518
v 0.851235 1.257704 -0.360567
v 0.916285 1.257705 0.000000
v 0.653173 1.638310 -0.653173
v 0.837961 1.638310 -0.354946
v 0.901995 1.638311 0.000000
v -0.663518 1.257704 0.663517
v -0.851235 1.257704 0.360567
v -0.916286 1.257705 -0.000001
v -0.653174 1.638309 0.653173
v -0.837962 1.638310 0.354946
v -0.901995 1.638311 -0.000001
v 0.663517 1.257704 0.663518
v 0.360567 1.257704 0.851235
v -0.000001 1.257705 0.916285
v 0.653173 1.638310 0.653174
v 0.354946 1.638310 0.837961
v -0.000001 1.638311 0.901995
v -0.851235 1.257704 -0.360568
v -0.663518 1.257704 -0.663518
v -0.837961 1.638310 -0.354947
v -0.653173 1.638309 -0.653174
v -0.360568 1.257704 0.851235
v -0.354947 1.638310 0.837961
v 0.851235 1.257704 0.360568
v 0.837961 1.638310 0.354947
v 0.354946 1.638310 -0.837961
v 0.000000 1.638311 -0.901995
v 0.360567 1.257704 -0.851235
v 0.000000 1.257705 -0.916286
v -0.354946 1.638310 -0.837961
v -0.360567 1.257704 -0.851235
v 0.666551 0.518831 -0.666550
v 0.855127 0.518831 -0.362215
v 0.920476 0.518831 0.000000
v 0.665739 0.879115 -0.665739
v 0.854086 0.879115 -0.361773
v 0.919355 0.879115 0.000000
v -0.666551 0.518831 0.666550
v -0.855128 0.518831 0.362215
v -0.920476 0.518831 -0.000001
v -0.665739 0.879115 0.665738
v -0.854086 0.879115 0.361773
v -0.919355 0.879115 -0.000001
v 0.666550 0.518831 0.666551
v 0.362215 0.518831 0.855127
v -0.000000 0.518831 0.920476
v 0.665738 0.879115 0.665739
v 0.361773 0.879115 0.854086
v -0.000001 0.879115 0.919355
v -0.855127 0.518831 -0.362216
v -0.666550 0.518831 -0.666551
v -0.854086 0.879115 -0.361774
v -0.665738 0.879115 -0.665739
v -0.362216 0.518831 0.855127
v -0.361774 0.879115 0.854086
v 0.855127 0.518831 0.362215
v 0.854085 0.879115 0.361774
v 0.361774 0.879115 -0.854086
v 0.000000 0.879115 -0.919355
v 0.362215 0.518831 -0.855127
v 0.000000 0.518831 -0.920476
v -0.361773 0.879115 -0.854086
v -0.362215 0.518831 -0.855128
v 0.916148 4.022464 -0.388062
v -0.916150 4.022464 0.388062
v 0.388061 4.022464 0.916149
v -0.916149 4.022464 -0.388063
v -0.388064 4.022464 0.916149
v 0.388063 4.022464 -0.916148
v -0.388063 4.022464 -0.916149
v 0.714116 4.022464 -0.714115
v -0.714117 4.022464 0.714115
v -0.000000 4.022464 -0.986160
v -0.714116 4.022464 -0.714116
v -0.000001 4.022464 0.986160
v -0.986161 4.022464 -0.000001
v 0.918157 2.966747 0.388916
v 0.988320 2.966745 0.000001
v 0.388915 2.966747 0.918158
v 0.715683 2.966748 0.715685
v 0.918157 2.966747 -0.388915
v 0.715684 2.966748 -0.715684
v -0.388917 2.966747 0.918157
v -0.000001 2.966745 0.988321
v -0.918158 2.966747 0.388915
v -0.715685 2.966748 0.715684
v -0.918158 2.966747 -0.388916
v -0.988321 2.966745 -0.000001
v 0.000000 2.966745 -0.988321
v 0.388916 2.966747 -0.918157
v -0.715684 2.966748 -0.715684
v -0.388916 2.966747 -0.918158
v 0.916148 4.022464 0.388064
v 0.714114 4.022464 0.714116
v 0.986160 4.022464 0.000001
v -0.392128 4.011005 -0.925746
v 0.392126 4.011005 0.925746
v 0.925745 4.011005 -0.392127
v -0.925746 4.011005 -0.392128
v -0.925746 4.011005 0.392127
v -0.392129 4.011005 0.925746
v 0.925745 4.011005 0.392128
v 0.392128 4.011005 -0.925745
v 0.392128 2.966750 -0.925745
v 0.925745 2.966751 0.392128
v -0.392128 2.966750 0.925745
v 0.925745 2.966751 -0.392127
v 0.392127 2.966750 0.925746
v -0.392127 2.966750 -0.925746
v -0.925746 2.966750 -0.392128
v -0.925746 2.966750 0.392127
v -0.721596 4.011005 -0.721596
v 0.721596 4.011005 -0.721595
v 0.721595 4.011005 0.721596
v -0.721597 4.011005 0.721596
v -0.996491 4.011005 -0.000001
v 0.996490 4.011005 0.000001
v -0.000001 4.011005 0.996491
v 0.000000 4.011005 -0.996491
v 0.000000 2.966750 -0.996491
v 0.721596 2.966750 -0.721595
v 0.996490 2.966751 0.000001
v 0.721595 2.966750 0.721596
v -0.000001 2.966750 0.996491
v -0.721597 2.966750 0.721596
v -0.721596 2.966750 -0.721596
v -0.996491 2.966750 -0.000001
v -0.000001 5.162216 -0.000000
v -0.176777 5.162217 -0.426777
v -0.426777 5.162217 -0.176777
v -0.426778 5.162217 0.176777
v -0.176778 5.162217 0.426777
v 0.176776 5.162217 0.426777
v 0.426776 5.162217 0.176777
v 0.426776 5.162217 -0.176777
v 0.176776 5.162217 -0.426777
v -0.000001 5.162217 -0.463388
v -0.327666 5.162217 -0.327665
v -0.463389 5.162217 -0.000000
v -0.327666 5.162217 0.327665
v -0.000001 5.162217 0.463388
v 0.327664 5.162217 0.327665
v 0.463388 5.162217 0.000000
v 0.327664 5.162217 -0.327665
v -0.000001 5.162216 -0.000000
v -0.176777 5.162217 -0.426777
v -0.426777 5.162217 -0.176777
v -0.426778 5.162217 0.176777
v -0.176778 5.162217 0.426777
v 0.176776 5.162217 0.426777
v 0.426776 5.162217 0.176777
v 0.426776 5.162217 -0.176777
v 0.176776 5.162217 -0.426777
v -0.000001 5.162217 -0.463388
v -0.327666 5.162217 -0.327665
v -0.463389 5.162217 -0.000000
v -0.327666 5.162217 0.327665
v -0.000001 5.162217 0.463388
v 0.327664 5.162217 0.327665
v 0.463388 5.162217 0.000000
v 0.327664 5.162217 -0.327665
v 0.325486 5.518171 -0.137587
v 0.344126 5.518175 -0.070195
v 0.294905 5.518167 -0.199371
v -0.289741 5.495955 0.122483
v -0.288067 5.496412 0.121776
v -0.262523 5.495955 0.177484
v -0.306329 5.495955 0.062490
v -0.304560 5.496412 0.062129
v -0.261007 5.496412 0.176459
v 0.289739 5.495955 0.122484
v 0.288065 5.496412 0.121777
v 0.306327 5.495955 0.062490
v 0.292612 5.495869 0.123698
v 0.262520 5.495955 0.177485
v 0.261004 5.496412 0.176460
v 0.304558 5.496412 0.062130
v 0.309365 5.495868 0.063110
v 0.265123 5.495870 0.179244
v 0.325486 5.518171 0.137588
v 0.294904 5.518167 0.199372
v 0.344126 5.518175 0.070196
v 0.137586 5.518171 -0.325487
v 0.199371 5.518167 -0.294905
v 0.070195 5.518175 -0.344127
v -0.122484 5.495955 -0.289740
v -0.121777 5.496412 -0.288066
v -0.177485 5.495955 -0.262521
v -0.062491 5.495955 -0.306328
v -0.062130 5.496412 -0.304559
v -0.176460 5.496412 -0.261005
v -0.137588 5.518171 -0.325487
v -0.070196 5.518175 -0.344127
v -0.199373 5.518167 -0.294905
v -0.122485 5.495955 0.289740
v -0.121778 5.496412 0.288066
v -0.062491 5.495955 0.306328
v -0.177485 5.495955 0.262521
v -0.176461 5.496412 0.261006
v -0.062130 5.496412 0.304559
v -0.323998 5.661712 0.136928
v -0.293537 5.661716 0.198423
v -0.323059 5.665522 0.136532
v -0.342570 5.661708 0.069858
v -0.292686 5.665526 0.197849
v -0.341576 5.665516 0.069656
v 0.323996 5.661712 0.136929
v 0.342568 5.661708 0.069858
v 0.323056 5.665522 0.136532
v 0.293535 5.661716 0.198424
v 0.341574 5.665516 0.069656
v 0.292684 5.665526 0.197849
v -0.136930 5.661712 0.323997
v -0.069859 5.661708 0.342569
v -0.136533 5.665522 0.323058
v -0.198425 5.661716 0.293536
v -0.069657 5.665516 0.341575
v -0.197850 5.665526 0.292685
v 0.136928 5.661712 -0.323997
v 0.069857 5.661708 -0.342569
v 0.136531 5.665522 -0.323057
v 0.198423 5.661716 -0.293536
v 0.069655 5.665516 -0.341575
v 0.197848 5.665526 -0.292685
v 0.323996 5.661712 -0.136928
v 0.293535 5.661716 -0.198423
v 0.323057 5.665522 -0.136532
v 0.342568 5.661708 -0.069858
v 0.292684 5.665526 -0.197848
v 0.341574 5.665516 -0.069655
v -0.136929 5.661712 -0.323997
v -0.198424 5.661716 -0.293536
v -0.136533 5.665522 -0.323057
v -0.069859 5.661708 -0.342569
v -0.197850 5.665526 -0.292685
v -0.069657 5.665516 -0.341575
v -0.323998 5.661712 -0.136928
v -0.342570 5.661708 -0.069858
v -0.323058 5.665522 -0.136532
v -0.293537 5.661716 -0.198423
v -0.341576 5.665516 -0.069656
v -0.292686 5.665526 -0.197849
v 0.136927 5.661712 0.323998
v 0.198422 5.661716 0.293537
v 0.136531 5.665522 0.323058
v 0.069857 5.661708 0.342570
v 0.197847 5.665526 0.292686
v 0.069655 5.665516 0.341575
v -0.189273 5.674326 -0.279216
v -0.066072 5.674319 -0.326335
v -0.134804 5.670896 -0.318954
v -0.195344 5.670901 -0.288971
v -0.068775 5.670891 -0.337233
v -0.318955 5.670896 -0.134804
v -0.326336 5.674319 -0.066071
v -0.279217 5.674326 -0.189272
v -0.288972 5.670900 -0.195343
v -0.337234 5.670891 -0.068774
v 0.134802 5.670896 0.318954
v 0.189271 5.674326 0.279216
v 0.066070 5.674319 0.326335
v 0.068773 5.670891 0.337233
v 0.195341 5.670901 0.288972
v -0.318955 5.670896 0.134803
v -0.279217 5.674326 0.189272
v -0.326336 5.674319 0.066071
v -0.337234 5.670891 0.068774
v -0.288972 5.670901 0.195343
v 0.318953 5.670896 0.134804
v 0.326334 5.674319 0.066072
v 0.279214 5.674326 0.189273
v 0.288970 5.670900 0.195343
v 0.337232 5.670891 0.068775
v -0.134805 5.670896 0.318954
v -0.066073 5.674319 0.326335
v -0.189274 5.674326 0.279216
v -0.195344 5.670900 0.288971
v -0.068776 5.670891 0.337233
v 0.066071 5.674319 -0.326334
v 0.189271 5.674326 -0.279215
v 0.134803 5.670896 -0.318953
v 0.068773 5.670891 -0.337232
v 0.195342 5.670900 -0.288971
v 0.318953 5.670896 -0.134803
v 0.279215 5.674326 -0.189272
v 0.326334 5.674319 -0.066071
v 0.337232 5.670891 -0.068774
v 0.288970 5.670901 -0.195342
v -0.325488 5.518171 -0.137587
v -0.294906 5.518167 -0.199372
v -0.344128 5.518175 -0.070195
v -0.325488 5.518171 0.137587
v -0.344128 5.518175 0.070195
v -0.294907 5.518167 0.199372
v -0.289741 5.495955 -0.122483
v -0.288067 5.496412 -0.121776
v -0.306329 5.495955 -0.062490
v -0.262522 5.495955 -0.177484
v -0.261006 5.496412 -0.176459
v -0.304560 5.496412 -0.062129
v 0.137586 5.518171 0.325487
v 0.070194 5.518175 0.344127
v 0.199371 5.518167 0.294906
v 0.122483 5.495955 -0.289739
v 0.121776 5.496412 -0.288066
v 0.062489 5.495955 -0.306328
v 0.177483 5.495955 -0.262521
v 0.176459 5.496412 -0.261005
v 0.062128 5.496412 -0.304559
v -0.137588 5.518171 0.325487
v -0.199373 5.518167 0.294905
v -0.070197 5.518175 0.344127
v 0.122482 5.495955 0.289740
v 0.121775 5.496412 0.288067
v 0.177483 5.495955 0.262522
v 0.062489 5.495955 0.306328
v 0.062128 5.496412 0.304559
v 0.176458 5.496412 0.261006
v 0.289739 5.495955 -0.122483
v 0.288065 5.496412 -0.121776
v 0.262521 5.495955 -0.177484
v 0.306327 5.495955 -0.062490
v 0.304558 5.496412 -0.062129
v 0.261005 5.496412 -0.176459
v -0.322850 5.519161 0.136462
v -0.322502 5.517715 0.136321
v -0.292509 5.519160 0.197743
v -0.323502 5.525167 0.136731
v -0.341345 5.519161 0.069621
v -0.340973 5.517716 0.069549
v -0.292198 5.517715 0.197538
v -0.293096 5.525167 0.198134
v -0.342038 5.525167 0.069758
v 0.322848 5.519161 0.136462
v 0.322500 5.517715 0.136322
v 0.341342 5.519161 0.069621
v 0.323500 5.525167 0.136731
v 0.292507 5.519160 0.197744
v 0.292196 5.517715 0.197539
v 0.340971 5.517716 0.069550
v 0.342036 5.525167 0.069758
v 0.293093 5.525167 0.198135
v -0.136463 5.519161 0.322849
v -0.136322 5.517715 0.322501
v -0.069622 5.519161 0.341344
v -0.136732 5.525167 0.323501
v -0.197745 5.519160 0.292508
v -0.197539 5.517715 0.292197
v -0.069551 5.517716 0.340972
v -0.069759 5.525167 0.342037
v -0.198136 5.525167 0.293095
v 0.136461 5.519161 -0.322848
v 0.069620 5.519161 -0.341343
v 0.136730 5.525167 -0.323500
v 0.197743 5.519160 -0.292508
v 0.136320 5.517715 -0.322501
v 0.069549 5.517716 -0.340972
v 0.069757 5.525167 -0.342037
v 0.198134 5.525167 -0.293094
v 0.197537 5.517715 -0.292197
v 0.322848 5.519161 -0.136462
v 0.322500 5.517715 -0.136321
v 0.292507 5.519160 -0.197743
v 0.323500 5.525167 -0.136730
v 0.341343 5.519161 -0.069620
v 0.340971 5.517716 -0.069549
v 0.292197 5.517715 -0.197538
v 0.293094 5.525167 -0.198134
v 0.342036 5.525167 -0.069757
v -0.136463 5.519161 -0.322849
v -0.197744 5.519160 -0.292508
v -0.136732 5.525167 -0.323501
v -0.069622 5.519161 -0.341343
v -0.136322 5.517715 -0.322501
v -0.197539 5.517715 -0.292197
v -0.198135 5.525167 -0.293094
v -0.069759 5.525167 -0.342037
v -0.069550 5.517716 -0.340972
v -0.322850 5.519161 -0.136462
v -0.322502 5.517715 -0.136321
v -0.341345 5.519161 -0.069621
v -0.323502 5.525167 -0.136731
v -0.292509 5.519160 -0.197743
v -0.292198 5.517715 -0.197538
v -0.340973 5.517716 -0.069549
v -0.342038 5.525167 -0.069758
v -0.293095 5.525167 -0.198134
v 0.136461 5.519161 0.322849
v 0.136320 5.517715 0.322501
v 0.197742 5.519160 0.292509
v 0.136730 5.525167 0.323501
v 0.069620 5.519161 0.341344
v 0.069548 5.517716 0.340972
v 0.197537 5.517715 0.292198
v 0.198133 5.525167 0.293095
v 0.069756 5.525167 0.342037
v -0.131496 5.496965 -0.311076
v -0.134565 5.498256 -0.318344
v -0.128350 5.496308 -0.303626
v -0.311077 5.496965 -0.131495
v -0.303627 5.496308 -0.128349
v -0.318345 5.498256 -0.134564
v 0.131493 5.496965 0.311076
v 0.134563 5.498256 0.318345
v -0.311077 5.496965 0.131495
v -0.318345 5.498256 0.134564
v 0.311075 5.496965 0.131495
v 0.318343 5.498256 0.134565
v -0.131496 5.496965 0.311076
v -0.134565 5.498256 0.318344
v 0.131494 5.496965 -0.311075
v 0.134563 5.498256 -0.318344
v 0.311075 5.496965 -0.131494
v 0.318343 5.498256 -0.134564
v 0.139295 5.507658 0.329549
v 0.201849 5.507658 0.298581
v 0.071066 5.507658 0.348427
v -0.329550 5.507658 -0.139297
v -0.348427 5.507658 -0.071067
v -0.298582 5.507658 -0.201850
v -0.139297 5.507658 -0.329549
v -0.201851 5.507658 -0.298581
v -0.071068 5.507658 -0.348426
v 0.329548 5.507658 -0.139296
v 0.298580 5.507658 -0.201850
v 0.348425 5.507658 -0.071067
v 0.139296 5.507658 -0.329549
v 0.071066 5.507658 -0.348426
v 0.201850 5.507658 -0.298580
v -0.139298 5.507658 0.329549
v -0.071068 5.507658 0.348426
v -0.201852 5.507658 0.298581
v 0.329548 5.507658 0.139297
v 0.348425 5.507658 0.071068
v 0.298580 5.507658 0.201851
v -0.329550 5.507658 0.139296
v -0.298582 5.507658 0.201850
v -0.348427 5.507658 0.071067
v 0.322228 5.510339 -0.136224
v 0.291962 5.510344 -0.197394
v 0.322873 5.510283 -0.136500
v 0.340672 5.510334 -0.069500
v 0.321447 5.510316 -0.135893
v 0.291254 5.510320 -0.196914
v 0.292549 5.510288 -0.197792
v 0.341353 5.510277 -0.069641
v 0.339848 5.510314 -0.069331
v -0.289711 5.505585 0.122470
v -0.306299 5.505585 0.062483
v -0.262495 5.505584 0.177465
v -0.288143 5.505162 0.121807
v -0.304641 5.505162 0.062145
v -0.261074 5.505162 0.176504
v 0.289709 5.505585 0.122470
v 0.262493 5.505584 0.177465
v 0.306297 5.505585 0.062483
v 0.288141 5.505162 0.121807
v 0.261072 5.505162 0.176504
v 0.304639 5.505162 0.062145
v 0.340672 5.510334 0.069501
v 0.322873 5.510283 0.136500
v 0.291962 5.510344 0.197395
v 0.321447 5.510317 0.135894
v 0.339848 5.510314 0.069332
v 0.341353 5.510277 0.069642
v 0.292548 5.510288 0.197793
v 0.291254 5.510320 0.196915
v 0.136224 5.510339 -0.322228
v 0.069500 5.510334 -0.340673
v 0.136499 5.510283 -0.322874
v 0.197393 5.510344 -0.291963
v 0.135892 5.510317 -0.321448
v 0.069331 5.510314 -0.339849
v 0.069641 5.510277 -0.341354
v 0.197792 5.510288 -0.292549
v 0.196914 5.510320 -0.291255
v -0.122471 5.505585 -0.289710
v -0.062484 5.505585 -0.306298
v -0.177466 5.505584 -0.262494
v -0.121808 5.505162 -0.288142
v -0.062145 5.505162 -0.304640
v -0.176505 5.505162 -0.261073
v -0.136225 5.510339 -0.322228
v -0.197395 5.510344 -0.291963
v -0.136501 5.510283 -0.322874
v -0.069502 5.510334 -0.340673
v -0.135894 5.510316 -0.321448
v -0.196915 5.510320 -0.291255
v -0.197794 5.510288 -0.292549
v -0.069642 5.510277 -0.341354
v -0.069332 5.510314 -0.339849
v -0.122471 5.505585 0.289711
v -0.177466 5.505584 0.262494
v -0.062484 5.505585 0.306298
v -0.121808 5.505162 0.288142
v -0.176505 5.505162 0.261073
v -0.062146 5.505162 0.304640
v -0.316864 5.658161 0.133985
v -0.334984 5.658165 0.068360
v -0.316478 5.660563 0.133821
v -0.287122 5.658157 0.194143
v -0.334576 5.660569 0.068276
v -0.286771 5.660558 0.193905
v 0.316862 5.658161 0.133986
v 0.287120 5.658157 0.194144
v 0.316475 5.660563 0.133821
v 0.334982 5.658165 0.068360
v 0.286769 5.660559 0.193906
v 0.334574 5.660569 0.068276
v -0.133987 5.658161 0.316863
v -0.194145 5.658157 0.287121
v -0.133822 5.660563 0.316477
v -0.068361 5.658165 0.334983
v -0.193907 5.660559 0.286770
v -0.068277 5.660569 0.334575
v 0.133985 5.658161 -0.316863
v 0.194143 5.658157 -0.287121
v 0.133820 5.660563 -0.316476
v 0.068359 5.658165 -0.334983
v 0.193905 5.660559 -0.286770
v 0.068275 5.660569 -0.334575
v 0.316862 5.658161 -0.133985
v 0.334982 5.658165 -0.068359
v 0.316476 5.660563 -0.133821
v 0.287120 5.658157 -0.194143
v 0.334574 5.660569 -0.068275
v 0.286769 5.660558 -0.193905
v -0.133986 5.658161 -0.316863
v -0.068360 5.658165 -0.334983
v -0.133822 5.660563 -0.316476
v -0.194144 5.658157 -0.287121
v -0.068277 5.660569 -0.334575
v -0.193906 5.660558 -0.286770
v -0.316864 5.658161 -0.133985
v -0.287122 5.658157 -0.194143
v -0.316478 5.660563 -0.133821
v -0.334984 5.658165 -0.068360
v -0.286771 5.660559 -0.193905
v -0.334576 5.660569 -0.068276
v 0.133984 5.658161 0.316863
v 0.068358 5.658165 0.334983
v 0.133820 5.660563 0.316477
v 0.194142 5.658157 0.287121
v 0.068274 5.660569 0.334575
v 0.193904 5.660558 0.286770
v -0.132560 5.663718 -0.313506
v -0.186351 5.666478 -0.274852
v -0.192079 5.663713 -0.284074
v -0.067632 5.663723 -0.331438
v -0.274853 5.666478 -0.186350
v -0.313507 5.663718 -0.132559
v -0.284075 5.663713 -0.192078
v -0.331439 5.663723 -0.067632
v 0.186349 5.666478 0.274852
v 0.132558 5.663718 0.313506
v 0.067630 5.663723 0.331438
v 0.192077 5.663713 0.284074
v -0.321170 5.666484 0.065058
v -0.274853 5.666478 0.186350
v -0.313507 5.663718 0.132559
v -0.331439 5.663723 0.067631
v -0.284075 5.663713 0.192078
v 0.274851 5.666478 0.186351
v 0.313505 5.663718 0.132559
v 0.284073 5.663713 0.192078
v 0.331437 5.663723 0.067632
v -0.186352 5.666478 0.274852
v -0.065060 5.666484 0.321169
v -0.132560 5.663718 0.313506
v -0.192079 5.663713 0.284074
v -0.067633 5.663723 0.331438
v 0.132558 5.663718 -0.313505
v 0.186349 5.666478 -0.274852
v 0.065058 5.666484 -0.321169
v 0.067631 5.663723 -0.331438
v 0.192077 5.663713 -0.284074
v 0.321168 5.666484 -0.065058
v 0.274851 5.666478 -0.186350
v 0.313505 5.663718 -0.132558
v 0.331437 5.663723 -0.067631
v 0.284073 5.663713 -0.192077
v -0.340674 5.510334 -0.069501
v -0.322875 5.510283 -0.136500
v -0.291964 5.510344 -0.197394
v -0.321449 5.510317 -0.135893
v -0.339850 5.510314 -0.069332
v -0.341355 5.510277 -0.069641
v -0.292550 5.510288 -0.197793
v -0.291256 5.510320 -0.196914
v -0.322230 5.510339 0.136224
v -0.291964 5.510344 0.197394
v -0.322875 5.510283 0.136500
v -0.340674 5.510334 0.069501
v -0.321449 5.510316 0.135893
v -0.291256 5.510320 0.196914
v -0.292551 5.510288 0.197793
v -0.341355 5.510277 0.069641
v -0.339850 5.510314 0.069332
v -0.289711 5.505585 -0.122470
v -0.262495 5.505584 -0.177465
v -0.306299 5.505585 -0.062483
v -0.288143 5.505162 -0.121807
v -0.261074 5.505162 -0.176504
v -0.304641 5.505162 -0.062145
v 0.136223 5.510339 0.322229
v 0.197393 5.510344 0.291963
v 0.136499 5.510283 0.322874
v 0.069499 5.510334 0.340673
v 0.135892 5.510316 0.321449
v 0.196913 5.510320 0.291255
v 0.197792 5.510288 0.292550
v 0.069640 5.510277 0.341354
v 0.069330 5.510314 0.339849
v 0.122469 5.505585 -0.289710
v 0.177464 5.505584 -0.262494
v 0.062482 5.505585 -0.306298
v 0.121806 5.505162 -0.288142
v 0.176503 5.505162 -0.261073
v 0.062144 5.505162 -0.304639
v -0.136226 5.510339 0.322229
v -0.069502 5.510334 0.340673
v -0.136501 5.510283 0.322874
v -0.197395 5.510344 0.291963
v -0.135894 5.510317 0.321448
v -0.069333 5.510314 0.339849
v -0.069643 5.510277 0.341354
v -0.197794 5.510288 0.292550
v -0.196916 5.510320 0.291255
v 0.122469 5.505585 0.289711
v 0.062482 5.505585 0.306298
v 0.177464 5.505584 0.262495
v 0.121805 5.505162 0.288142
v 0.062143 5.505162 0.304640
v 0.176503 5.505162 0.261073
v 0.289709 5.505585 -0.122470
v 0.306297 5.505585 -0.062483
v 0.262493 5.505584 -0.177465
v 0.288141 5.505162 -0.121806
v 0.304639 5.505162 -0.062144
v 0.261072 5.505162 -0.176503
v -0.318655 5.514218 0.134723
v -0.336889 5.514218 0.068735
v -0.317803 5.522043 0.134370
v -0.288732 5.514218 0.195217
v -0.319604 5.511068 0.135118
v -0.337896 5.511067 0.068937
v -0.335984 5.522043 0.068555
v -0.287964 5.522043 0.194703
v -0.289588 5.511069 0.195790
v 0.318653 5.514218 0.134724
v 0.288730 5.514218 0.195217
v 0.317801 5.522043 0.134370
v 0.336887 5.514218 0.068736
v 0.319602 5.511068 0.135119
v 0.289586 5.511069 0.195791
v 0.287962 5.522043 0.194704
v 0.335982 5.522043 0.068556
v 0.337894 5.511067 0.068937
v -0.134725 5.514218 0.318654
v -0.195218 5.514218 0.288731
v -0.134371 5.522043 0.317802
v -0.068737 5.514218 0.336888
v -0.135120 5.511068 0.319603
v -0.195792 5.511069 0.289587
v -0.194704 5.522043 0.287963
v -0.068557 5.522043 0.335983
v -0.068938 5.511067 0.337895
v 0.134723 5.514218 -0.318654
v 0.135118 5.511068 -0.319603
v 0.195216 5.514218 -0.288731
v 0.134369 5.522043 -0.317802
v 0.068735 5.514218 -0.336888
v 0.068936 5.511067 -0.337895
v 0.195790 5.511069 -0.289586
v 0.194702 5.522043 -0.287963
v 0.068554 5.522043 -0.335983
v 0.318653 5.514218 -0.134723
v 0.336887 5.514218 -0.068735
v 0.317801 5.522043 -0.134369
v 0.288730 5.514218 -0.195217
v 0.319602 5.511068 -0.135118
v 0.337894 5.511067 -0.068936
v 0.335982 5.522043 -0.068555
v 0.287962 5.522043 -0.194703
v 0.289586 5.511069 -0.195790
v -0.134724 5.514218 -0.318654
v -0.135119 5.511068 -0.319603
v -0.068736 5.514218 -0.336888
v -0.134371 5.522043 -0.317802
v -0.195218 5.514218 -0.288731
v -0.195791 5.511069 -0.289587
v -0.068937 5.511067 -0.337895
v -0.068556 5.522043 -0.335983
v -0.194704 5.522043 -0.287963
v -0.318655 5.514218 -0.134723
v -0.288732 5.514218 -0.195217
v -0.317803 5.522043 -0.134370
v -0.336889 5.514218 -0.068735
v -0.319604 5.511068 -0.135118
v -0.289588 5.511069 -0.195791
v -0.287964 5.522043 -0.194703
v -0.335984 5.522043 -0.068555
v -0.337896 5.511067 -0.068937
v 0.134722 5.514218 0.318655
v 0.068734 5.514218 0.336888
v 0.134369 5.522043 0.317802
v 0.195216 5.514218 0.288731
v 0.135117 5.511068 0.319604
v 0.068935 5.511067 0.337896
v 0.068554 5.522043 0.335983
v 0.194702 5.522043 0.287964
v 0.195789 5.511069 0.289587
v -0.284415 5.504918 -0.192293
v 0.307850 5.504919 0.130147
v 0.136677 5.507623 0.323285
v 0.069732 5.507623 0.341785
v 0.136827 5.508906 0.323641
v 0.198049 5.507623 0.292925
v 0.136066 5.506335 0.321840
v 0.069420 5.506338 0.340258
v 0.069808 5.508903 0.342162
v 0.198267 5.508909 0.293247
v 0.197164 5.506332 0.291616
v -0.323286 5.507623 -0.136679
v -0.292926 5.507623 -0.198051
v -0.323642 5.508906 -0.136829
v -0.341786 5.507623 -0.069733
v -0.321841 5.506335 -0.136068
v -0.291616 5.506332 -0.197165
v -0.293248 5.508909 -0.198268
v -0.342163 5.508903 -0.069809
v -0.340258 5.506338 -0.069421
v -0.136680 5.507623 -0.323284
v -0.136068 5.506335 -0.321840
v -0.069734 5.507622 -0.341785
v -0.136829 5.508906 -0.323640
v -0.198052 5.507623 -0.292925
v -0.197166 5.506332 -0.291615
v -0.069422 5.506338 -0.340257
v -0.069810 5.508903 -0.342162
v -0.198269 5.508909 -0.293247
v 0.323284 5.507623 -0.136678
v 0.341784 5.507623 -0.069732
v 0.323640 5.508906 -0.136828
v 0.292924 5.507623 -0.198050
v 0.321839 5.506335 -0.136067
v 0.340257 5.506338 -0.069421
v 0.342161 5.508903 -0.069809
v 0.293246 5.508909 -0.198268
v 0.291615 5.506332 -0.197165
v 0.136678 5.507623 -0.323284
v 0.136067 5.506335 -0.321839
v 0.198050 5.507623 -0.292925
v 0.136828 5.508906 -0.323640
v 0.069732 5.507623 -0.341785
v 0.069420 5.506338 -0.340257
v 0.197164 5.506332 -0.291615
v 0.198267 5.508909 -0.293247
v 0.069808 5.508903 -0.342162
v -0.136680 5.507623 0.323285
v -0.198052 5.507623 0.292925
v -0.136830 5.508906 0.323641
v -0.069734 5.507623 0.341785
v -0.136069 5.506335 0.321840
v -0.197166 5.506332 0.291616
v -0.198269 5.508909 0.293247
v -0.069811 5.508903 0.342162
v -0.069422 5.506338 0.340258
v 0.323283 5.507623 0.136679
v 0.292924 5.507623 0.198051
v 0.323639 5.508906 0.136829
v 0.341784 5.507623 0.069733
v 0.321839 5.506335 0.136068
v 0.291614 5.506332 0.197166
v 0.293246 5.508909 0.198268
v 0.342161 5.508903 0.069810
v 0.340256 5.506338 0.069421
v -0.323286 5.507623 0.136679
v -0.341786 5.507623 0.069733
v -0.323642 5.508906 0.136828
v -0.292926 5.507623 0.198051
v -0.321841 5.506335 0.136067
v -0.340259 5.506338 0.069421
v -0.342163 5.508903 0.069809
v -0.293248 5.508909 0.198268
v -0.291617 5.506332 0.197165
v -0.286495 5.500813 0.121111
v -0.286655 5.498935 0.121179
v -0.302898 5.500813 0.061789
v -0.286692 5.502685 0.121194
v -0.259581 5.500813 0.175495
v -0.259727 5.498935 0.175594
v -0.303067 5.498935 0.061824
v -0.303107 5.502685 0.061832
v -0.259760 5.502685 0.175616
v 0.286493 5.500813 -0.121110
v 0.286653 5.498935 -0.121178
v 0.302896 5.500813 -0.061789
v 0.286690 5.502685 -0.121193
v 0.259579 5.500813 -0.175495
v 0.259725 5.498935 -0.175593
v 0.303065 5.498935 -0.061824
v 0.303105 5.502685 -0.061832
v 0.259758 5.502685 -0.175615
v 0.121109 5.500813 0.286494
v 0.121178 5.498935 0.286654
v 0.061788 5.500813 0.302897
v 0.121193 5.502685 0.286691
v 0.175494 5.500813 0.259580
v 0.175592 5.498935 0.259726
v 0.061823 5.498935 0.303066
v 0.061831 5.502685 0.303106
v 0.175614 5.502685 0.259759
v 0.121110 5.500813 -0.286493
v 0.121178 5.498935 -0.286654
v 0.175494 5.500813 -0.259580
v 0.121193 5.502685 -0.286691
v 0.061789 5.500813 -0.302896
v 0.061823 5.498935 -0.303066
v 0.175593 5.498935 -0.259725
v 0.175615 5.502685 -0.259759
v 0.061831 5.502685 -0.303105
v -0.286495 5.500813 -0.121111
v -0.286655 5.498935 -0.121179
v -0.259581 5.500813 -0.175495
v -0.286692 5.502685 -0.121194
v -0.302898 5.500813 -0.061790
v -0.303067 5.498935 -0.061824
v -0.259726 5.498935 -0.175594
v -0.259760 5.502685 -0.175616
v -0.303107 5.502685 -0.061832
v -0.121112 5.500813 0.286494
v -0.121180 5.498935 0.286654
v -0.175496 5.500813 0.259580
v -0.121195 5.502685 0.286691
v -0.061791 5.500813 0.302897
v -0.061826 5.498935 0.303066
v -0.175595 5.498935 0.259725
v -0.175617 5.502685 0.259759
v -0.061833 5.502685 0.303106
v -0.121112 5.500813 -0.286493
v -0.121180 5.498935 -0.286654
v -0.061790 5.500813 -0.302896
v -0.121195 5.502685 -0.286691
v -0.175496 5.500813 -0.259580
v -0.175595 5.498935 -0.259725
v -0.061825 5.498935 -0.303066
v -0.061833 5.502685 -0.303106
v -0.175617 5.502685 -0.259759
v 0.286492 5.500813 0.121111
v 0.286653 5.498935 0.121179
v 0.259579 5.500813 0.175495
v 0.286690 5.502685 0.121194
v 0.302896 5.500813 0.061790
v 0.303065 5.498935 0.061825
v 0.259724 5.498935 0.175594
v 0.259758 5.502685 0.175616
v 0.303105 5.502685 0.061832
v -0.260200 5.497364 0.175914
v -0.287178 5.497364 0.121400
v -0.303619 5.497364 0.061937
v 0.260198 5.497364 -0.175914
v 0.287176 5.497364 -0.121400
v 0.303617 5.497364 -0.061937
v 0.175913 5.497364 0.260200
v 0.121399 5.497364 0.287177
v 0.061936 5.497364 0.303619
v 0.175913 5.497364 -0.260199
v 0.121399 5.497364 -0.287176
v 0.061936 5.497364 -0.303618
v -0.303619 5.497364 -0.061937
v -0.287178 5.497364 -0.121400
v -0.260200 5.497364 -0.175914
v -0.061938 5.497364 0.303618
v -0.121401 5.497364 0.287177
v -0.175915 5.497364 0.260199
v -0.061938 5.497364 -0.303618
v -0.121401 5.497364 -0.287176
v -0.175915 5.497364 -0.260199
v 0.303617 5.497364 0.061938
v 0.287176 5.497364 0.121400
v 0.260198 5.497364 0.175915
v 0.350461 5.518178 0.000000
v 0.252745 5.518164 -0.252745
v -0.000001 5.518178 -0.350461
v -0.224997 5.495956 0.224996
v -0.223698 5.496412 0.223696
v -0.252747 5.518164 -0.252746
v -0.350463 5.518178 -0.000000
v -0.224997 5.495956 -0.224996
v -0.223697 5.496412 -0.223696
v -0.310164 5.496412 -0.000000
v -0.311966 5.495955 -0.000000
v 0.252745 5.518164 0.252746
v -0.000001 5.496412 -0.310163
v -0.000001 5.495955 -0.311965
v -0.000001 5.670888 -0.343446
v -0.000001 5.670888 0.343446
v 0.247646 5.670903 0.247647
v 0.240322 5.674273 0.240323
v -0.247648 5.670903 0.247647
v -0.250424 5.517715 0.250423
v -0.250687 5.519160 0.250685
v -0.251185 5.525167 0.251184
v -0.000001 5.518178 0.350462
v 0.347249 5.517716 0.000000
v 0.347629 5.519161 0.000000
v 0.348336 5.525167 0.000000
v -0.252747 5.518164 0.252746
v -0.000001 5.495955 0.311965
v -0.000001 5.496412 0.310163
v -0.000001 5.517716 0.347250
v -0.000001 5.519161 0.347630
v -0.000001 5.525167 0.348338
v 0.223695 5.496412 0.223697
v 0.224994 5.495956 0.224996
v 0.227225 5.495870 0.227226
v -0.251185 5.525167 -0.251184
v -0.250686 5.519160 -0.250685
v -0.250424 5.517715 -0.250423
v 0.250422 5.517715 -0.250422
v 0.250685 5.519160 -0.250685
v 0.251183 5.525167 -0.251184
v -0.069605 5.518345 0.341226
v -0.136429 5.518343 0.322744
v -0.197693 5.518342 0.292420
v -0.000001 5.665513 -0.347870
v -0.000001 5.661706 -0.348883
v -0.292421 5.518342 0.197692
v -0.322745 5.518344 0.136428
v -0.341227 5.518345 0.069604
v 0.250825 5.665529 0.250827
v 0.251554 5.661718 0.251556
v 0.197691 5.518342 -0.292420
v 0.136427 5.518344 -0.322743
v 0.069603 5.518345 -0.341226
v 0.292419 5.518342 -0.197692
v 0.322743 5.518344 -0.136428
v 0.341225 5.518345 -0.069604
v -0.347871 5.665513 -0.000000
v -0.348884 5.661706 -0.000000
v -0.250827 5.665529 -0.250826
v -0.251556 5.661718 -0.251555
v -0.251556 5.661718 0.251555
v -0.250828 5.665529 0.250826
v 0.315058 5.495868 0.000000
v 0.311964 5.495955 0.000000
v 0.310162 5.496412 0.000000
v 0.348882 5.661706 0.000000
v 0.347869 5.665513 0.000000
v -0.000001 5.661706 0.348883
v -0.000001 5.665513 0.347870
v 0.251554 5.661718 -0.251555
v 0.250826 5.665529 -0.250826
v 0.223696 5.496412 -0.223696
v 0.224995 5.495956 -0.224995
v -0.240324 5.674273 -0.240323
v -0.247648 5.670903 -0.247647
v -0.343447 5.670888 -0.000000
v 0.343445 5.670888 0.000000
v 0.247646 5.670903 -0.247647
v 0.240322 5.674273 -0.240322
v 0.222883 5.677205 -0.222883
v -0.348338 5.525167 -0.000000
v -0.347631 5.519161 -0.000000
v -0.347251 5.517716 -0.000000
v 0.251183 5.525167 0.251184
v 0.250684 5.519160 0.250686
v 0.250421 5.517715 0.250423
v -0.000001 5.525167 -0.348337
v -0.000001 5.519161 -0.347629
v -0.000001 5.517716 -0.347249
v 0.197691 5.518342 0.292420
v 0.136427 5.518344 0.322744
v 0.069603 5.518345 0.341226
v -0.341227 5.518345 -0.069604
v -0.322744 5.518343 -0.136428
v -0.292421 5.518342 -0.197692
v -0.069605 5.518345 -0.341226
v -0.136429 5.518343 -0.322743
v -0.197693 5.518342 -0.292420
v 0.341225 5.518345 0.069604
v 0.322742 5.518343 0.136428
v 0.292419 5.518342 0.197692
v -0.293850 5.500442 0.198653
v -0.324326 5.500436 0.137090
v -0.342903 5.500432 0.069941
v 0.293848 5.500442 -0.198652
v 0.324324 5.500436 -0.137090
v 0.342901 5.500432 -0.069941
v 0.198651 5.500442 0.293849
v 0.137089 5.500436 0.324325
v 0.069940 5.500432 0.342902
v 0.198652 5.500442 -0.293848
v 0.137089 5.500436 -0.324325
v 0.069941 5.500432 -0.342902
v -0.342903 5.500432 -0.069941
v -0.324326 5.500436 -0.137090
v -0.293850 5.500442 -0.198653
v -0.069943 5.500432 0.342902
v -0.137091 5.500436 0.324325
v -0.198654 5.500442 0.293849
v -0.069942 5.500432 -0.342902
v -0.137091 5.500436 -0.324325
v -0.198654 5.500442 -0.293849
v 0.342901 5.500432 0.069942
v 0.324324 5.500436 0.137090
v 0.293847 5.500442 0.198653
v -0.247196 5.498264 -0.247195
v -0.241555 5.496972 -0.241554
v -0.235774 5.496313 -0.235773
v -0.000001 5.496959 -0.334945
v -0.000001 5.498248 -0.342774
v -0.326922 5.496304 -0.000000
v -0.334946 5.496959 -0.000000
v -0.342775 5.498248 -0.000000
v -0.000001 5.498248 0.342774
v -0.000001 5.496959 0.334945
v 0.241553 5.496972 0.241555
v 0.247194 5.498264 0.247195
v -0.241555 5.496972 0.241554
v -0.247196 5.498264 0.247195
v 0.334944 5.496959 0.000000
v 0.342773 5.498248 0.000000
v 0.241554 5.496972 -0.241554
v 0.247194 5.498264 -0.247195
v -0.354843 5.507658 -0.000000
v -0.000001 5.507658 -0.354842
v -0.255892 5.507658 0.255891
v 0.354841 5.507658 0.000000
v -0.000001 5.507658 0.354842
v 0.255890 5.507658 -0.255891
v -0.070902 5.514857 0.347601
v -0.138971 5.514852 0.328770
v -0.201377 5.514846 0.297876
v -0.297877 5.514846 0.201376
v -0.328771 5.514852 0.138969
v -0.347602 5.514856 0.070900
v 0.201375 5.514846 -0.297876
v 0.138969 5.514852 -0.328770
v 0.070900 5.514857 -0.347601
v 0.297875 5.514846 -0.201376
v 0.328769 5.514852 -0.138969
v 0.347600 5.514856 -0.070900
v 0.255890 5.507658 0.255891
v -0.255892 5.507658 -0.255891
v 0.201375 5.514846 0.297877
v 0.138968 5.514852 0.328770
v 0.070899 5.514856 0.347601
v -0.347602 5.514857 -0.070900
v -0.328771 5.514852 -0.138970
v -0.297877 5.514846 -0.201376
v -0.070901 5.514856 -0.347601
v -0.138970 5.514852 -0.328770
v -0.201377 5.514846 -0.297876
v 0.347600 5.514857 0.070901
v 0.328769 5.514852 0.138970
v 0.297875 5.514846 0.201376
v -0.260259 5.504238 0.175953
v -0.287243 5.504239 0.121426
v -0.303689 5.504238 0.061951
v 0.260257 5.504238 -0.175952
v 0.287241 5.504239 -0.121426
v 0.303687 5.504238 -0.061950
v 0.175952 5.504238 0.260258
v 0.121425 5.504239 0.287242
v 0.061949 5.504238 0.303689
v 0.175952 5.504238 -0.260258
v 0.121426 5.504239 -0.287242
v 0.061950 5.504238 -0.303688
v -0.303689 5.504238 -0.061951
v -0.287243 5.504239 -0.121427
v -0.260259 5.504238 -0.175953
v -0.061952 5.504238 0.303688
v -0.121428 5.504239 0.287242
v -0.175954 5.504238 0.260258
v -0.061951 5.504238 -0.303688
v -0.121427 5.504239 -0.287242
v -0.175954 5.504238 -0.260258
v 0.303687 5.504238 0.061951
v 0.287241 5.504239 0.121427
v 0.260257 5.504238 0.175953
v 0.347632 5.510274 0.000000
v 0.346939 5.510332 0.000000
v 0.346100 5.510312 0.000000
v 0.249624 5.510321 -0.249625
v 0.250232 5.510345 -0.250232
v 0.250736 5.510291 -0.250737
v -0.000001 5.510312 -0.346101
v -0.000001 5.510332 -0.346940
v -0.000001 5.510274 -0.347633
v -0.224973 5.505585 0.224972
v -0.223755 5.505162 0.223753
v -0.249626 5.510321 -0.249625
v -0.250234 5.510345 -0.250233
v -0.250738 5.510291 -0.250737
v -0.346102 5.510312 -0.000000
v -0.346941 5.510332 -0.000000
v -0.347634 5.510274 -0.000000
v -0.224973 5.505585 -0.224972
v -0.223754 5.505162 -0.223753
v -0.310247 5.505162 -0.000000
v -0.311936 5.505585 -0.000000
v 0.250736 5.510291 0.250737
v 0.250231 5.510345 0.250233
v 0.249624 5.510321 0.249625
v -0.000001 5.505162 -0.310246
v -0.000001 5.505585 -0.311934
v -0.000001 5.663725 -0.337529
v -0.000001 5.663725 0.337529
v 0.243483 5.663711 0.243485
v -0.243485 5.663711 0.243484
v -0.248199 5.511069 0.248198
v -0.247470 5.514218 0.247469
v -0.246816 5.522043 0.246814
v -0.000001 5.510274 0.347633
v -0.000001 5.510332 0.346940
v -0.000001 5.510312 0.346101
v 0.344109 5.511067 0.000000
v 0.343082 5.514218 0.000000
v 0.342158 5.522043 0.000000
v -0.249626 5.510321 0.249625
v -0.250234 5.510345 0.250233
v -0.250738 5.510291 0.250737
v -0.000001 5.505585 0.311935
v -0.000001 5.505162 0.310246
v -0.000001 5.511067 0.344110
v -0.000001 5.514218 0.343083
v -0.000001 5.522043 0.342159
v 0.223752 5.505162 0.223754
v 0.224970 5.505585 0.224972
v -0.246815 5.522043 -0.246814
v -0.247469 5.514218 -0.247468
v -0.248199 5.511069 -0.248198
v 0.248197 5.511069 -0.248198
v 0.247468 5.514218 -0.247468
v 0.246814 5.522043 -0.246814
v -0.069143 5.510472 0.338913
v -0.135521 5.510474 0.320563
v -0.196374 5.510476 0.290454
v -0.000001 5.660571 -0.340722
v -0.000001 5.658167 -0.341137
v -0.290455 5.510476 0.196373
v -0.320564 5.510474 0.135520
v -0.338914 5.510472 0.069141
v 0.245797 5.660556 0.245799
v 0.246099 5.658155 0.246100
v 0.196372 5.510476 -0.290453
v 0.135519 5.510474 -0.320563
v 0.069140 5.510472 -0.338912
v 0.290453 5.510476 -0.196373
v 0.320562 5.510474 -0.135519
v 0.338912 5.510472 -0.069141
v -0.340723 5.660572 -0.000000
v -0.341139 5.658167 -0.000000
v -0.245800 5.660556 -0.245799
v -0.246101 5.658155 -0.246100
v -0.246101 5.658155 0.246100
v -0.245800 5.660556 0.245799
v 0.311933 5.505585 0.000000
v 0.310245 5.505162 0.000000
v 0.341137 5.658167 0.000000
v 0.340721 5.660571 0.000000
v -0.000001 5.658167 0.341138
v -0.000001 5.660571 0.340722
v 0.246099 5.658155 -0.246099
v 0.245798 5.660556 -0.245798
v 0.223753 5.505162 -0.223753
v 0.224971 5.505585 -0.224971
v -0.243485 5.663711 -0.243484
v -0.337530 5.663725 -0.000000
v 0.337528 5.663725 0.000000
v 0.243483 5.663711 -0.243484
v -0.342160 5.522043 -0.000000
v -0.343084 5.514218 -0.000000
v -0.344111 5.511067 -0.000000
v 0.246813 5.522043 0.246815
v 0.247467 5.514218 0.247469
v 0.248197 5.511069 0.248199
v -0.000001 5.522043 -0.342159
v -0.000001 5.514218 -0.343083
v -0.000001 5.511067 -0.344110
v 0.196372 5.510476 0.290454
v 0.135519 5.510474 0.320563
v 0.069140 5.510472 0.338913
v -0.338914 5.510472 -0.069141
v -0.320564 5.510474 -0.135520
v -0.290455 5.510476 -0.196373
v -0.069142 5.510472 -0.338913
v -0.135521 5.510474 -0.320563
v -0.196374 5.510476 -0.290453
v 0.338912 5.510472 0.069142
v 0.320562 5.510474 0.135520
v 0.290452 5.510476 0.196374
v -0.318860 5.505337 0.134806
v 0.318858 5.505337 -0.134806
v 0.195336 5.505332 0.288914
v 0.134805 5.505337 0.318859
v 0.134805 5.505337 -0.318859
v -0.318860 5.505337 -0.134806
v -0.288915 5.505332 -0.195337
v -0.134807 5.505337 0.318859
v -0.134807 5.505337 -0.318859
v -0.195338 5.505332 -0.288914
v 0.318858 5.505337 0.134806
v -0.348455 5.508902 -0.000000
v -0.348071 5.507623 -0.000000
v -0.346516 5.506340 -0.000000
v -0.000001 5.508901 -0.348454
v -0.000001 5.507622 -0.348070
v -0.000001 5.506340 -0.346515
v -0.249940 5.506331 0.249939
v -0.251063 5.507623 0.251062
v -0.251339 5.508911 0.251337
v 0.346514 5.506340 0.000000
v 0.348069 5.507623 0.000000
v 0.348453 5.508902 0.000000
v -0.000001 5.506340 0.346515
v -0.000001 5.507623 0.348070
v -0.000001 5.508902 0.348454
v 0.249938 5.506331 -0.249939
v 0.251061 5.507623 -0.251061
v 0.251337 5.508911 -0.251337
v -0.069748 5.509885 0.341861
v -0.136707 5.509891 0.323355
v -0.198092 5.509896 0.292987
v -0.292988 5.509896 0.198091
v -0.323356 5.509891 0.136706
v -0.341861 5.509885 0.069747
v 0.198090 5.509896 -0.292987
v 0.136705 5.509891 -0.323354
v 0.069746 5.509885 -0.341860
v 0.292986 5.509896 -0.198090
v 0.323354 5.509891 -0.136706
v 0.341860 5.509885 -0.069746
v 0.251336 5.508911 0.251338
v 0.251061 5.507623 0.251062
v 0.249938 5.506331 0.249940
v -0.251338 5.508911 -0.251337
v -0.251063 5.507623 -0.251062
v -0.249940 5.506331 -0.249939
v 0.198089 5.509896 0.292987
v 0.136705 5.509891 0.323355
v 0.069745 5.509885 0.341861
v -0.341861 5.509885 -0.069747
v -0.323356 5.509891 -0.136706
v -0.292988 5.509896 -0.198091
v -0.069747 5.509885 -0.341860
v -0.136707 5.509891 -0.323355
v -0.198091 5.509896 -0.292987
v 0.341859 5.509885 0.069747
v 0.323354 5.509891 0.136706
v 0.292986 5.509896 0.198091
v 0.222598 5.498935 0.222600
v 0.222473 5.500813 0.222475
v 0.222626 5.502685 0.222628
v 0.222598 5.498935 -0.222599
v 0.222473 5.500813 -0.222474
v 0.222627 5.502685 -0.222627
v -0.222600 5.498935 0.222599
v -0.222475 5.500813 0.222474
v -0.222629 5.502685 0.222627
v -0.222600 5.498935 -0.222599
v -0.222475 5.500813 -0.222474
v -0.222628 5.502685 -0.222627
v -0.000001 5.498935 -0.308643
v -0.000001 5.500813 -0.308470
v -0.000001 5.502685 -0.308683
v -0.000001 5.498935 0.308643
v -0.000001 5.500813 0.308471
v -0.000001 5.502685 0.308684
v 0.308642 5.498935 0.000000
v 0.308469 5.500813 0.000000
v 0.308682 5.502685 0.000000
v -0.308644 5.498935 -0.000000
v -0.308471 5.500813 -0.000000
v -0.308684 5.502685 -0.000000
v 0.223004 5.497364 0.223006
v 0.223005 5.497364 -0.223005
v -0.223007 5.497364 0.223005
v -0.223006 5.497364 -0.223005
v -0.000001 5.497364 -0.309205
v -0.000001 5.497364 0.309205
v 0.309204 5.497364 0.000000
v -0.309206 5.497364 -0.000000
v -0.250617 5.518341 0.250616
v 0.250615 5.518341 0.250616
v 0.347506 5.518346 0.000000
v -0.000001 5.518346 0.347507
v 0.250615 5.518341 -0.250616
v -0.250617 5.518341 -0.250616
v -0.347508 5.518346 -0.000000
v -0.000001 5.518346 -0.347507
v -0.251838 5.500444 0.251836
v -0.349217 5.500429 -0.000000
v 0.251836 5.500444 -0.251836
v 0.349215 5.500429 0.000000
v 0.251835 5.500444 0.251837
v -0.000001 5.500429 0.349216
v -0.000001 5.500429 -0.349216
v -0.251837 5.500444 -0.251836
v -0.354002 5.514860 -0.000000
v -0.000001 5.514860 -0.354001
v -0.255290 5.514843 0.255289
v 0.354000 5.514860 0.000000
v -0.000001 5.514860 0.354001
v 0.255288 5.514843 -0.255288
v 0.255288 5.514843 0.255289
v -0.255290 5.514843 -0.255289
v 0.223054 5.504239 0.223055
v 0.223054 5.504239 -0.223055
v -0.223056 5.504239 0.223055
v -0.223056 5.504239 -0.223055
v -0.000001 5.504239 -0.309277
v -0.000001 5.504239 0.309277
v 0.309276 5.504239 0.000000
v -0.309278 5.504239 -0.000000
v -0.248940 5.510476 0.248939
v 0.248937 5.510476 0.248939
v 0.345146 5.510472 0.000000
v -0.000001 5.510472 0.345148
v 0.248938 5.510476 -0.248938
v -0.248940 5.510476 -0.248939
v -0.345148 5.510471 -0.000000
v -0.000001 5.510471 -0.345147
v -0.247624 5.505329 0.247623
v -0.343308 5.505344 -0.000000
v 0.247622 5.505329 -0.247622
v 0.343306 5.505344 0.000000
v 0.247622 5.505329 0.247623
v -0.000001 5.505344 0.343307
v -0.000001 5.505344 -0.343306
v -0.247624 5.505329 -0.247623
v -0.348149 5.509883 -0.000000
v -0.000001 5.509883 -0.348148
v -0.251114 5.509899 0.251113
v 0.348147 5.509883 0.000000
v -0.000001 5.509883 0.348148
v 0.251113 5.509899 -0.251113
v 0.251112 5.509899 0.251114
v -0.251114 5.509899 -0.251113
v 0.916148 4.022464 0.388064
v 0.714114 4.022464 0.714116
v 0.986160 4.022464 0.000001
v 0.388916 2.966747 -0.918157
v -0.388916 2.966747 -0.918158
v 0.715684 2.966748 -0.715684
v -0.715685 2.966748 0.715684
v 0.715683 2.966748 0.715685
v 0.000000 2.966745 -0.988321
v -0.715684 2.966748 -0.715684
v 0.988320 2.966745 0.000001
v -0.000001 2.966745 0.988321
v -0.988321 2.966745 -0.000001
v 0.918157 2.966747 -0.388915
v -0.918158 2.966747 0.388915
v 0.388915 2.966747 0.918158
v -0.918158 2.966747 -0.388916
v -0.388917 2.966747 0.918157
v 0.918157 2.966747 0.388916
v -0.916149 4.022464 -0.388063
v -0.986161 4.022464 -0.000001
v -0.916150 4.022464 0.388062
v -0.714117 4.022464 0.714115
v -0.000000 4.022464 -0.986160
v 0.388063 4.022464 -0.916148
v -0.388064 4.022464 0.916149
v -0.000001 4.022464 0.986160
v 0.916148 4.022464 -0.388062
v 0.714116 4.022464 -0.714115
v -0.714116 4.022464 -0.714116
v -0.388063 4.022464 -0.916149
v 0.388061 4.022464 0.916149
v -0.392128 4.011005 -0.925746
v 0.392126 4.011005 0.925746
v 0.925745 4.011005 -0.392127
v -0.925746 4.011005 -0.392128
v -0.925746 4.011005 0.392127
v -0.392129 4.011005 0.925746
v 0.925745 4.011005 0.392128
v 0.392128 4.011005 -0.925745
v 0.392128 2.966750 -0.925745
v 0.925745 2.966751 0.392128
v -0.392128 2.966750 0.925745
v 0.925745 2.966751 -0.392127
v 0.392127 2.966750 0.925746
v -0.392127 2.966750 -0.925746
v -0.925746 2.966750 -0.392128
v -0.925746 2.966750 0.392127
v -0.721596 4.011005 -0.721596
v 0.721596 4.011005 -0.721595
v 0.721595 4.011005 0.721596
v -0.721597 4.011005 0.721596
v -0.996491 4.011005 -0.000001
v 0.996490 4.011005 0.000001
v -0.000001 4.011005 0.996491
v 0.000000 4.011005 -0.996491
v 0.000000 2.966750 -0.996491
v 0.721596 2.966750 -0.721595
v 0.996490 2.966751 0.000001
v 0.721595 2.966750 0.721596
v -0.000001 2.966750 0.996491
v -0.721597 2.966750 0.721596
v -0.721596 2.966750 -0.721596
v -0.996491 2.966750 -0.000001
vn -0.3585 -0.0021 -0.9335
vn -0.3551 -0.1462 -0.9233
vn -0.6994 -0.1477 -0.6994
vn -0.7071 -0.0021 -0.7071
vn 0.2701 -0.6557 -0.7051
vn 0.5279 -0.6652 -0.5279
vn 0.6838 -0.2548 -0.6838
vn 0.3467 -0.2506 -0.9039
vn 0.8818 0.3298 0.3372
vn 0.9309 0.0704 0.3585
vn 0.9975 0.0700 -0.0000
vn 0.9449 0.3274 -0.0000
vn 0.9309 0.0704 -0.3585
vn 0.7053 0.0709 -0.7053
vn 0.6664 0.3344 -0.6664
vn 0.8818 0.3298 -0.3372
vn -0.3467 -0.2506 -0.9039
vn -0.2701 -0.6557 -0.7050
vn -0.0000 -0.6522 -0.7580
vn -0.0000 -0.2486 -0.9686
vn -0.9336 -0.0021 -0.3584
vn -1.0000 -0.0020 -0.0000
vn -0.9982 0.0605 -0.0000
vn -0.9317 0.0609 -0.3580
vn -0.9344 0.0645 0.3503
vn -0.9045 -0.2568 0.3404
vn -0.6807 -0.2707 0.6807
vn -0.6924 0.2028 0.6924
vn -0.9329 -0.0248 0.3592
vn -0.7069 -0.0250 0.7069
vn -0.6909 0.2132 0.6909
vn -0.9130 0.2100 0.3496
vn -0.9169 -0.1897 0.3512
vn -0.9309 0.0704 0.3585
vn -0.9975 0.0700 -0.0000
vn -0.9821 -0.1882 -0.0000
vn 0.9997 -0.0247 -0.0000
vn 0.9329 -0.0248 -0.3592
vn 0.9130 0.2100 -0.3496
vn 0.9781 0.2083 -0.0000
vn 0.3492 -0.2153 0.9120
vn 0.3592 0.0268 0.9329
vn -0.0000 0.0266 0.9996
vn -0.0000 -0.2136 0.9769
vn 0.6900 -0.2185 0.6900
vn 0.7068 0.0270 0.7068
vn 0.9187 0.1795 -0.3517
vn 0.9840 0.1779 -0.0000
vn 0.6123 0.7907 -0.0000
vn 0.5680 0.7936 -0.2182
vn -0.6951 0.1832 0.6951
vn -0.3517 0.1795 0.9187
vn -0.3332 -0.3619 0.8706
vn -0.6572 -0.3691 0.6572
vn 0.3580 0.0609 -0.9317
vn 0.3523 0.1865 -0.9171
vn 0.6944 0.1889 -0.6944
vn 0.7058 0.0618 -0.7058
vn -0.4576 -0.8718 -0.1745
vn -0.4905 -0.8714 -0.0000
vn -0.9977 -0.0674 -0.0000
vn -0.9306 -0.0673 -0.3597
vn -0.3526 -0.1697 -0.9203
vn -0.6965 -0.1723 -0.6965
vn -0.6838 -0.2548 -0.6838
vn -0.6951 0.1832 -0.6951
vn -0.4218 0.8026 -0.4219
vn -0.5680 0.7936 -0.2182
vn -0.9187 0.1795 -0.3517
vn 0.3526 -0.1697 -0.9203
vn -0.0000 -0.1684 -0.9857
vn -0.3590 -0.0346 -0.9327
vn -0.7067 -0.0349 -0.7067
vn -0.6941 0.1909 -0.6941
vn -0.3513 0.1881 -0.9172
vn 0.8956 0.4257 0.1290
vn 0.9621 0.2482 0.1128
vn 0.9499 0.1819 -0.2543
vn 0.8889 0.3820 -0.2530
vn 0.4963 0.5356 0.6833
vn 0.4376 0.4880 0.7553
vn 0.5978 0.8016 -0.0000
vn 0.5575 0.8023 -0.2132
vn 0.4576 -0.8718 0.1745
vn 0.3480 -0.8705 0.3481
vn 0.2034 -0.9578 0.2034
vn 0.2766 -0.9550 0.1066
vn -0.0000 -0.8714 -0.4905
vn -0.0000 -0.9540 -0.2997
vn -0.1066 -0.9550 -0.2766
vn -0.1745 -0.8718 -0.4576
vn -0.2132 0.8023 -0.5575
vn -0.0000 0.8016 -0.5978
vn -0.0000 -0.0674 -0.9977
vn -0.3597 -0.0672 -0.9306
vn 0.6572 -0.3691 0.6572
vn 0.5943 -0.5418 0.5943
vn 0.3023 -0.5370 0.7876
vn 0.3332 -0.3619 0.8706
vn -0.3597 -0.0672 0.9306
vn -0.2132 0.8023 0.5575
vn -0.4232 0.8011 0.4232
vn -0.7055 -0.0665 0.7055
vn 0.3318 -0.3794 -0.8637
vn 0.6531 -0.3834 -0.6531
vn 0.5943 -0.5418 -0.5943
vn 0.3023 -0.5370 -0.7876
vn -0.0000 0.7839 0.6208
vn 0.1424 0.7899 0.5965
vn -0.0000 0.9984 -0.0557
vn -0.1424 0.7899 0.5965
vn 0.3551 -0.1462 0.9233
vn 0.3585 -0.0021 0.9335
vn -0.0000 -0.0020 1.0000
vn -0.0000 -0.1452 0.9894
vn 0.7071 -0.0021 -0.7071
vn 0.3584 -0.0021 -0.9336
vn -0.0000 -0.0020 -1.0000
vn -0.0000 0.0605 -0.9982
vn 0.7071 -0.0021 0.7071
vn 0.7058 0.0618 0.7058
vn 0.3580 0.0609 0.9317
vn 0.3584 -0.0021 0.9336
vn 0.9336 -0.0021 0.3584
vn 1.0000 -0.0020 -0.0000
vn 0.9982 0.0605 -0.0000
vn 0.9317 0.0610 0.3580
vn 0.9693 -0.2461 -0.0000
vn 0.9045 -0.2568 -0.3404
vn 0.9344 0.0645 -0.3503
vn 0.9750 0.2221 -0.0000
vn -0.3503 0.0645 0.9344
vn -0.3404 -0.2568 0.9045
vn 0.9344 0.0645 0.3503
vn 0.9045 -0.2568 0.3404
vn -0.3584 -0.0021 0.9336
vn -0.0000 0.0605 0.9982
vn -0.3580 0.0609 0.9317
vn 0.9335 -0.0021 -0.3585
vn 0.9233 -0.1462 -0.3551
vn 0.6994 -0.1477 -0.6994
vn -0.7058 0.0618 -0.7058
vn 0.9317 0.0610 -0.3580
vn 0.9336 -0.0021 -0.3584
vn -0.7876 -0.5370 -0.3023
vn -0.8454 -0.5341 -0.0000
vn -0.9262 -0.3770 -0.0000
vn -0.8637 -0.3794 -0.3318
vn -0.5943 -0.5418 0.5943
vn -0.7876 -0.5370 0.3023
vn -0.8706 -0.3619 0.3332
vn -0.9333 -0.3591 -0.0000
vn 0.3318 -0.3794 0.8637
vn -0.0000 -0.3770 0.9262
vn -0.0000 -0.5341 0.8454
vn -0.0000 -0.5341 -0.8454
vn -0.0000 -0.3770 -0.9262
vn -0.0000 -0.3591 -0.9333
vn -0.3332 -0.3619 -0.8706
vn -0.3023 -0.5370 -0.7876
vn -0.6572 -0.3691 -0.6572
vn -0.5943 -0.5418 -0.5943
vn 0.6531 -0.3834 0.6531
vn 0.8637 -0.3794 0.3318
vn 0.7876 -0.5370 0.3023
vn -0.3023 -0.5370 0.7876
vn -0.3318 -0.3794 0.8637
vn -0.6531 -0.3834 0.6531
vn 0.6572 -0.3691 -0.6572
vn 0.3332 -0.3619 -0.8706
vn 0.8454 -0.5341 -0.0000
vn 0.9262 -0.3770 -0.0000
vn 0.8706 -0.3619 0.3332
vn 0.9333 -0.3591 -0.0000
vn -0.8706 -0.3619 -0.3332
vn -0.8637 -0.3794 0.3318
vn 0.7876 -0.5370 -0.3023
vn 0.8637 -0.3794 -0.3318
vn -0.0000 -0.3591 0.9333
vn -0.6531 -0.3834 -0.6531
vn -0.3318 -0.3794 -0.8637
vn 0.8706 -0.3619 -0.3332
vn 0.8461 0.4203 -0.3278
vn 0.7964 0.3787 0.4716
vn 0.8396 0.1747 0.5143
vn 0.8936 0.2910 -0.3418
vn 0.9233 -0.1462 0.3551
vn 0.6994 -0.1477 0.6994
vn -0.9233 -0.1462 -0.3551
vn -0.3551 -0.1462 0.9233
vn -0.6994 -0.1477 0.6994
vn 0.9894 -0.1452 -0.0000
vn -0.9233 -0.1462 0.3551
vn -0.8461 0.4203 -0.3278
vn -0.2530 0.3820 -0.8889
vn -0.2543 0.1819 -0.9499
vn -0.8936 0.2910 -0.3418
vn -0.9894 -0.1452 -0.0000
vn 0.3551 -0.1462 -0.9233
vn -0.0000 -0.1452 -0.9894
vn -0.9120 -0.2153 0.3492
vn -0.9329 0.0268 0.3592
vn -0.9996 0.0266 -0.0000
vn -0.9769 -0.2136 -0.0000
vn 0.6951 0.1832 -0.6951
vn 0.4218 0.8026 -0.4218
vn 0.2181 0.7936 -0.5680
vn 0.3517 0.1795 -0.9187
vn -0.9187 0.1795 0.3517
vn -0.9840 0.1779 -0.0000
vn -0.6123 0.7907 -0.0000
vn -0.5680 0.7936 0.2181
vn 0.9187 0.1795 0.3517
vn 0.5680 0.7936 0.2182
vn 0.2181 0.7936 0.5680
vn 0.4218 0.8026 0.4219
vn 0.6951 0.1832 0.6952
vn 0.3517 0.1795 0.9187
vn -0.2181 0.7936 -0.5680
vn -0.3517 0.1795 -0.9187
vn -0.0000 0.1779 -0.9840
vn -0.0000 0.7907 -0.6123
vn -0.4218 0.8026 0.4218
vn -0.2182 0.7936 0.5680
vn -0.0000 0.7907 0.6123
vn -0.0000 0.1779 0.9840
vn 0.6803 0.2726 0.6803
vn 0.3442 0.2687 0.8996
vn -0.9317 0.0609 0.3580
vn -0.9336 -0.0021 0.3584
vn -0.7071 -0.0021 0.7071
vn -0.7058 0.0618 0.7058
vn -0.9335 -0.0021 -0.3585
vn -0.3584 -0.0021 -0.9336
vn -0.3580 0.0609 -0.9317
vn 0.5965 0.7899 -0.1424
vn -0.0268 0.9993 0.0268
vn 0.0046 1.0000 0.0005
vn -0.0557 0.9984 -0.0000
vn -0.5965 0.7899 -0.1424
vn 0.0557 0.9984 -0.0000
vn -0.0046 1.0000 0.0005
vn 0.0268 0.9993 0.0268
vn 0.0005 1.0000 0.0046
vn -0.0000 1.0000 -0.0000
vn 0.0268 0.9993 -0.0268
vn 0.1424 0.7899 -0.5965
vn -0.0000 0.9984 0.0557
vn -0.0005 1.0000 -0.0046
vn -0.1424 0.7899 -0.5965
vn 0.0005 1.0000 -0.0046
vn -0.5965 0.7899 0.1424
vn -0.0046 1.0000 -0.0005
vn -0.0268 0.9993 -0.0268
vn -0.0005 1.0000 0.0046
vn 0.5965 0.7899 0.1424
vn 0.0046 1.0000 -0.0005
vn -0.2859 0.5602 0.7774
vn -0.2514 0.5010 0.8281
vn -0.0000 0.9725 0.2328
vn -0.0000 0.2221 0.9750
vn -0.4376 0.4880 0.7553
vn -0.9621 0.2482 0.1128
vn -0.9621 0.2482 -0.1128
vn -0.8956 0.4257 -0.1290
vn -0.4963 0.5356 -0.6833
vn -0.4376 0.4880 -0.7553
vn 0.3597 -0.0672 0.9306
vn 0.1745 -0.8718 0.4576
vn 0.7055 -0.0665 0.7055
vn -0.3418 0.2910 0.8936
vn -0.9499 0.1819 0.2543
vn 0.9499 0.1819 0.2543
vn 0.8889 0.3820 0.2530
vn 0.3278 0.4203 0.8461
vn 0.3418 0.2910 0.8936
vn 0.5143 0.1747 0.8396
vn 0.4716 0.3787 0.7964
vn -0.3278 0.4203 0.8461
vn -0.4333 0.7902 -0.4333
vn -0.8396 0.1747 0.5143
vn 0.5279 -0.6653 0.5279
vn 0.7051 -0.6557 0.2701
vn -0.7588 0.2439 -0.6039
vn -0.8281 0.5010 0.2514
vn -0.8188 0.5530 0.1539
vn -0.7204 0.4309 -0.5435
vn -0.8281 0.5010 -0.2514
vn -0.6924 0.2028 -0.6924
vn -0.1636 0.9729 -0.1636
vn -0.7588 0.2439 0.6039
vn 0.7588 0.2439 0.6039
vn 0.8281 0.5010 -0.2514
vn 0.8188 0.5530 -0.1539
vn 0.7204 0.4309 0.5435
vn -0.8818 0.3298 -0.3372
vn -0.9309 0.0704 -0.3585
vn -0.9449 0.3274 -0.0000
vn 0.3418 0.2910 -0.8936
vn 0.4333 0.7902 -0.4333
vn -0.5143 0.1747 -0.8396
vn 0.8396 0.1747 -0.5143
vn 0.7964 0.3787 -0.4716
vn 0.8461 0.4203 0.3278
vn 0.8936 0.2910 0.3418
vn -0.2543 0.1819 0.9499
vn -0.2530 0.3820 0.8889
vn -0.8461 0.4203 0.3278
vn -0.8936 0.2910 0.3418
vn -0.3418 0.2910 -0.8936
vn -0.0000 0.7839 -0.6208
vn -0.9499 0.1819 -0.2543
vn -0.1636 0.9729 0.1636
vn 0.4727 0.8625 -0.1808
vn 0.3932 0.8845 0.2513
vn 0.1636 0.9729 0.1636
vn -0.6039 0.2439 0.7588
vn -0.6039 0.2439 -0.7588
vn -0.5435 0.4309 -0.7204
vn 0.1539 0.5530 -0.8188
vn 0.2514 0.5010 -0.8281
vn 0.6039 0.2439 0.7588
vn -0.0000 0.9725 -0.2328
vn -0.0000 0.2221 -0.9750
vn 0.4376 0.4880 -0.7553
vn 0.9621 0.2482 -0.1128
vn 0.1128 0.2482 -0.9621
vn 0.1290 0.4257 -0.8956
vn 0.6833 0.5356 -0.4963
vn 0.7553 0.4880 -0.4376
vn 0.7588 0.2439 -0.6039
vn 0.5143 0.1747 -0.8396
vn 0.2543 0.1819 0.9499
vn 0.6208 0.7839 -0.0000
vn -0.8889 0.3820 -0.2530
vn -0.3278 0.4203 -0.8461
vn 0.4716 0.3787 -0.7964
vn 0.4333 0.7902 0.4333
vn -0.3503 0.0645 -0.9344
vn -0.2859 0.5602 -0.7774
vn 0.4963 0.5356 -0.6833
vn 0.3503 0.0645 -0.9344
vn -0.6208 0.7839 -0.0000
vn 0.3278 0.4203 -0.8461
vn 0.3503 0.0645 0.9344
vn 0.6924 0.2028 0.6924
vn 0.8281 0.5010 0.2514
vn -0.7774 0.5602 -0.2859
vn -0.9344 0.0645 -0.3503
vn -0.7553 0.4880 0.4376
vn -0.6833 0.5356 0.4963
vn -0.7204 0.4309 0.5435
vn -0.8188 0.5530 -0.1539
vn 0.2514 0.5010 0.8281
vn -0.1539 0.5530 -0.8188
vn -0.2514 0.5010 -0.8281
vn -0.9750 0.2221 -0.0000
vn 0.1128 0.2482 0.9621
vn 0.7553 0.4880 0.4376
vn 0.6833 0.5356 0.4963
vn 0.1290 0.4257 0.8956
vn -0.1128 0.2482 0.9621
vn -0.2328 0.9725 -0.0000
vn -0.7964 0.3787 0.4716
vn -0.5143 0.1747 0.8396
vn 0.5435 0.4309 0.7204
vn -0.1539 0.5530 0.8188
vn 0.6039 0.2439 -0.7588
vn 0.2328 0.9725 -0.0000
vn -0.1290 0.4257 0.8956
vn -0.8889 0.3820 0.2530
vn 0.7774 0.5602 0.2859
vn 0.1539 0.5530 0.8188
vn 0.0507 0.8953 -0.4426
vn -0.1085 0.8843 -0.4542
vn -0.4716 0.3787 -0.7964
vn 0.2543 0.1819 -0.9499
vn 0.2530 0.3820 -0.8889
vn -0.3266 0.9048 0.2731
vn -0.3685 0.9206 -0.1296
vn -0.1128 0.2482 -0.9621
vn -0.7553 0.4880 -0.4376
vn -0.6833 0.5356 -0.4963
vn -0.1290 0.4257 -0.8956
vn -0.4963 0.5356 0.6833
vn -0.8956 0.4257 0.1290
vn 0.2859 0.5602 0.7774
vn -0.0000 -0.2461 0.9693
vn 0.3404 -0.2568 0.9045
vn 0.2132 0.8023 -0.5575
vn 0.4232 0.8011 -0.4232
vn 0.1636 0.9729 -0.1636
vn 0.6924 0.2028 -0.6924
vn 0.5435 0.4309 -0.7204
vn -0.5435 0.4309 0.7204
vn -0.0000 0.1851 -0.9827
vn -0.3523 0.1865 -0.9171
vn -0.3461 0.2503 -0.9042
vn -0.0000 0.2484 -0.9687
vn -0.1296 0.9206 0.3685
vn 0.2731 0.9048 0.3266
vn 0.4426 0.8953 0.0507
vn -0.3423 0.8970 -0.2795
vn -0.4333 0.7902 0.4333
vn -0.7964 0.3787 -0.4716
vn -0.8396 0.1747 -0.5143
vn -0.7774 0.5602 0.2859
vn 0.8956 0.4257 -0.1290
vn -0.4716 0.3787 0.7964
vn 0.2530 0.3820 0.8889
vn 0.3523 0.1865 0.9171
vn -0.0000 0.1851 0.9827
vn 0.6944 0.1889 0.6944
vn -0.3523 0.1865 0.9171
vn -0.6944 0.1889 0.6944
vn -0.9171 0.1865 0.3523
vn 0.9171 0.1865 -0.3523
vn 0.9827 0.1851 -0.0000
vn 0.2997 -0.9540 -0.0000
vn 0.4905 -0.8714 -0.0000
vn -0.9827 0.1851 -0.0000
vn -0.9171 0.1865 -0.3523
vn 0.9171 0.1865 0.3523
vn -0.6944 0.1889 -0.6944
vn -0.3404 -0.2568 -0.9045
vn -0.6807 -0.2707 -0.6807
vn -0.3585 0.0704 -0.9309
vn -0.7053 0.0709 -0.7053
vn -0.6664 0.3344 -0.6664
vn -0.3372 0.3298 -0.8818
vn -0.8818 0.3298 0.3372
vn -0.3585 0.0704 0.9309
vn -0.7053 0.0709 0.7053
vn -0.6939 -0.1925 0.6939
vn -0.3512 -0.1897 0.9169
vn 0.9169 -0.1897 -0.3512
vn 0.9821 -0.1882 -0.0000
vn -0.3592 0.0268 -0.9329
vn -0.7068 0.0270 -0.7068
vn -0.6803 0.2726 -0.6803
vn -0.3442 0.2687 -0.8996
vn -0.0000 0.0266 -0.9996
vn -0.0000 0.2667 -0.9638
vn 0.9120 -0.2153 0.3492
vn 0.9769 -0.2136 -0.0000
vn 0.9996 0.0266 -0.0000
vn 0.9329 0.0268 0.3592
vn 0.6909 0.2132 0.6909
vn 0.3496 0.2100 0.9130
vn 0.3592 -0.0248 0.9329
vn 0.7069 -0.0250 0.7069
vn -0.3454 -0.2572 -0.9025
vn -0.0000 -0.0344 -0.9994
vn -0.0000 -0.2552 -0.9669
vn -0.3452 -0.2596 -0.9019
vn -0.3592 -0.0248 -0.9329
vn -0.0000 -0.0247 -0.9997
vn -0.0000 -0.2576 -0.9663
vn 0.6941 0.1909 -0.6941
vn 0.7067 -0.0349 -0.7067
vn 0.3590 -0.0346 -0.9327
vn 0.3513 0.1881 -0.9172
vn 0.9994 -0.0344 -0.0000
vn 0.9327 -0.0346 -0.3590
vn 0.9172 0.1881 -0.3513
vn 0.9825 0.1865 -0.0000
vn -0.6826 -0.2610 -0.6826
vn 0.9025 -0.2572 -0.3454
vn 0.9669 -0.2552 -0.0000
vn -0.9332 -0.0056 0.3593
vn -0.7071 -0.0056 0.7071
vn -0.6887 0.2268 0.6887
vn -0.9103 0.2235 0.3485
vn 0.6887 0.2268 0.6887
vn 0.3485 0.2235 0.9103
vn 0.3593 -0.0056 0.9332
vn 0.7071 -0.0056 0.7071
vn 0.9332 -0.0056 -0.3593
vn 0.9078 -0.2346 -0.3475
vn 0.6868 -0.2381 -0.6868
vn 0.7071 -0.0056 -0.7071
vn 0.9078 -0.2346 0.3475
vn 0.9725 -0.2328 -0.0000
vn 1.0000 -0.0055 -0.0000
vn 0.9332 -0.0056 0.3593
vn -0.3461 0.2503 0.9042
vn -0.6839 0.2540 0.6839
vn 0.9042 0.2503 -0.3461
vn 0.9687 0.2484 -0.0000
vn 0.6807 -0.2707 -0.6807
vn -0.6664 0.3344 0.6664
vn 0.9169 -0.1897 0.3512
vn 0.8996 0.2687 0.3442
vn -0.8996 0.2687 0.3442
vn -0.9638 0.2667 -0.0000
vn -0.3592 0.0268 0.9329
vn -0.7068 0.0270 0.7068
vn -0.6900 -0.2185 0.6900
vn -0.3492 -0.2153 0.9120
vn 0.3492 -0.2153 -0.9120
vn -0.0000 -0.2136 -0.9769
vn 0.3592 0.0268 -0.9329
vn -0.3592 -0.0248 0.9329
vn -0.3496 0.2100 0.9130
vn 0.7069 -0.0250 -0.7069
vn 0.6909 0.2132 -0.6909
vn -0.9169 -0.1897 -0.3512
vn 0.9019 -0.2596 -0.3452
vn 0.9663 -0.2576 -0.0000
vn -0.3590 -0.0346 0.9327
vn -0.3513 0.1881 0.9172
vn -0.6941 0.1909 0.6941
vn -0.7067 -0.0349 0.7067
vn -0.9172 0.1881 -0.3513
vn -0.9327 -0.0346 -0.3590
vn -0.9994 -0.0344 -0.0000
vn -0.9825 0.1865 -0.0000
vn 0.6826 -0.2610 -0.6826
vn -0.0000 -0.0344 0.9994
vn -0.3454 -0.2572 0.9025
vn -0.0000 -0.2552 0.9669
vn -0.3593 -0.0056 -0.9332
vn -0.7071 -0.0056 -0.7071
vn -0.6887 0.2268 -0.6887
vn -0.3485 0.2235 -0.9103
vn 0.9103 0.2235 -0.3485
vn 0.9751 0.2217 -0.0000
vn -0.9078 -0.2346 0.3475
vn -1.0000 -0.0055 -0.0000
vn -0.9725 -0.2328 -0.0000
vn -0.6826 -0.2610 0.6826
vn -0.9045 -0.2568 -0.3404
vn -0.9693 -0.2461 -0.0000
vn 0.6664 0.3344 0.6664
vn 0.7053 0.0709 0.7053
vn -0.3372 0.3298 0.8818
vn -0.0000 0.0700 0.9975
vn -0.0000 0.3274 0.9449
vn 0.6939 -0.1925 0.6939
vn 0.3512 -0.1897 0.9169
vn 0.3585 0.0704 0.9309
vn -0.0000 -0.1882 0.9821
vn -0.6868 -0.2381 -0.6868
vn -0.9078 -0.2346 -0.3475
vn -0.9332 -0.0056 -0.3593
vn 0.3442 0.2687 -0.8996
vn 0.3496 0.2100 -0.9130
vn 0.3592 -0.0248 -0.9329
vn -0.0000 0.2083 -0.9781
vn -0.3593 -0.0056 0.9332
vn -0.3485 0.2235 0.9103
vn -0.0000 -0.0247 0.9997
vn -0.0000 0.2083 0.9781
vn -0.7069 -0.0250 -0.7069
vn -0.6909 0.2132 -0.6909
vn -0.3496 0.2100 -0.9130
vn 0.3452 -0.2596 0.9019
vn 0.6821 -0.2634 0.6821
vn -0.9019 -0.2596 -0.3452
vn -0.9663 -0.2576 -0.0000
vn -0.9997 -0.0247 -0.0000
vn -0.9329 -0.0248 -0.3592
vn -0.0000 0.1865 0.9825
vn -0.9025 -0.2572 -0.3454
vn 0.3454 -0.2572 0.9025
vn 0.3590 -0.0346 0.9327
vn -0.9103 0.2235 -0.3485
vn -0.9751 0.2217 -0.0000
vn -0.6839 0.2540 -0.6839
vn 0.6839 0.2540 -0.6839
vn -0.0000 0.2484 0.9687
vn 0.3404 -0.2568 -0.9045
vn -0.0000 -0.2461 -0.9693
vn 0.3372 0.3298 -0.8818
vn 0.3585 0.0704 -0.9309
vn -0.0000 0.0700 -0.9975
vn -0.0000 0.3274 -0.9449
vn -0.3442 0.2687 0.8996
vn -0.0000 0.2667 0.9638
vn -0.9329 0.0268 -0.3592
vn -0.8996 0.2687 -0.3442
vn 0.9329 0.0268 -0.3592
vn 0.9120 -0.2153 -0.3492
vn 0.6900 -0.2185 -0.6900
vn 0.7068 0.0270 -0.7068
vn -0.9019 -0.2596 0.3452
vn 0.9019 -0.2596 0.3452
vn 0.9329 -0.0248 0.3592
vn -0.9327 -0.0346 0.3590
vn -0.9172 0.1881 0.3513
vn 0.6826 -0.2610 0.6826
vn 0.7067 -0.0349 0.7067
vn 0.3485 0.2235 -0.9103
vn 0.3593 -0.0056 -0.9332
vn -0.0000 -0.0055 -1.0000
vn -0.0000 0.2217 -0.9751
vn 0.6887 0.2268 -0.6887
vn -0.0000 -0.0055 1.0000
vn -0.3475 -0.2346 0.9078
vn -0.0000 -0.2328 0.9725
vn -0.6868 -0.2381 0.6868
vn 0.3461 0.2503 0.9042
vn -0.9042 0.2503 0.3461
vn -0.6821 -0.2634 -0.6821
vn 0.3372 0.3298 0.8818
vn 0.6939 -0.1925 -0.6939
vn 0.3512 -0.1897 -0.9169
vn -0.6803 0.2726 0.6803
vn -0.6900 -0.2185 -0.6900
vn -0.9120 -0.2153 -0.3492
vn 0.9130 0.2100 0.3496
vn 0.6821 -0.2634 -0.6821
vn 0.3452 -0.2596 -0.9019
vn -0.9669 -0.2552 -0.0000
vn 0.3454 -0.2572 -0.9025
vn -0.0000 0.2217 0.9751
vn 0.9103 0.2235 0.3485
vn -0.3475 -0.2346 -0.9078
vn -0.0000 -0.2328 -0.9725
vn 0.3475 -0.2346 -0.9078
vn -0.9687 0.2484 -0.0000
vn 0.6839 0.2540 0.6839
vn 0.9042 0.2503 0.3461
vn 0.6807 -0.2707 0.6807
vn -0.0000 0.1865 -0.9825
vn 0.6803 0.2726 -0.6803
vn -0.3492 -0.2153 -0.9120
vn -0.9130 0.2100 -0.3496
vn -0.9781 0.2083 -0.0000
vn -0.6821 -0.2634 0.6821
vn -0.3452 -0.2596 0.9019
vn 0.9025 -0.2572 0.3454
vn 0.9327 -0.0346 0.3590
vn -0.9025 -0.2572 0.3454
vn 0.3461 0.2503 -0.9042
vn -0.3266 0.9048 -0.2731
vn -0.3685 0.9206 0.1296
vn 0.2795 0.8970 0.3423
vn -0.0507 0.8953 -0.4426
vn 0.6868 -0.2381 0.6868
vn 0.3475 -0.2346 0.9078
vn 0.6941 0.1909 0.6941
vn 0.3513 0.1881 0.9172
vn 0.9172 0.1881 0.3513
vn -0.0000 -0.2576 0.9663
vn 0.8996 0.2687 -0.3442
vn -0.3512 -0.1897 -0.9169
vn -0.6939 -0.1925 -0.6939
vn -0.0000 -0.1882 -0.9821
vn 0.9638 0.2667 -0.0000
vn -0.4101 0.9109 -0.0456
vn -0.1296 0.9206 -0.3685
vn -0.4101 0.9109 0.0456
vn 0.3266 0.9048 -0.2731
vn 0.3685 0.9206 0.1296
vn 0.7774 0.5602 -0.2859
vn 0.0456 0.9109 -0.4101
vn 0.3685 0.9206 -0.1296
vn -0.9042 0.2503 -0.3461
vn -0.2731 0.9048 0.3266
vn 0.1296 0.9206 0.3685
vn 0.3266 0.9048 0.2731
vn -0.2795 0.8970 -0.3423
vn 0.0507 0.8953 0.4426
vn 0.4101 0.9109 0.0456
vn 0.8188 0.5530 0.1539
vn 0.7204 0.4309 -0.5435
vn 0.3423 0.8970 -0.2795
vn 0.4426 0.8953 -0.0507
vn 0.4542 0.8843 0.1085
vn -0.4426 0.8953 0.0507
vn -0.4542 0.8843 -0.1085
vn 0.3423 0.8970 0.2795
vn 0.2513 0.8845 0.3932
vn 0.4542 0.8843 -0.1085
vn 0.4101 0.9109 -0.0456
vn -0.2795 0.8970 0.3423
vn -0.3932 0.8845 0.2513
vn -0.0507 0.8953 0.4426
vn 0.1085 0.8843 0.4542
vn -0.2731 0.9048 -0.3266
vn -0.4426 0.8953 -0.0507
vn -0.3932 0.8845 -0.2513
vn -0.2513 0.8845 -0.3932
vn 0.1808 0.8625 -0.4727
vn -0.1808 0.8625 0.4727
vn -0.4542 0.8843 0.1085
vn -0.1808 0.8625 -0.4727
vn 0.2513 0.8845 -0.3932
vn 0.4727 0.8625 0.1808
vn 0.3932 0.8845 -0.2513
vn 0.0456 0.9109 0.4101
vn -0.0456 0.9109 -0.4101
vn 0.2859 0.5602 -0.7774
vn 0.1296 0.9206 -0.3685
vn -0.0456 0.9109 0.4101
vn 0.2731 0.9048 -0.3266
vn 0.2795 0.8970 -0.3423
vn 0.1085 0.8843 -0.4542
vn -0.3423 0.8970 0.2795
vn -0.1085 0.8843 0.4542
vn -0.2513 0.8845 0.3932
vn 0.1808 0.8625 0.4727
vn -0.4727 0.8625 -0.1808
vn -0.4727 0.8625 0.1808
vn -0.0000 0.8016 0.5978
vn -0.2766 -0.9550 -0.1066
vn -0.2997 -0.9540 -0.0000
vn -0.5575 0.8023 -0.2132
vn -0.4232 0.8012 -0.4232
vn 0.2132 0.8023 0.5575
vn 0.3597 -0.0672 -0.9306
vn -0.7055 -0.0665 -0.7055
vn 0.9306 -0.0673 -0.3597
vn 0.4576 -0.8718 -0.1745
vn 0.3480 -0.8705 -0.3480
vn 0.7055 -0.0665 -0.7055
vn 0.1745 -0.8718 -0.4576
vn -0.0000 -0.0673 0.9977
vn -0.3480 -0.8705 -0.3480
vn 0.9977 -0.0674 -0.0000
vn 0.9306 -0.0673 0.3597
vn -0.5978 0.8016 -0.0000
vn -0.9306 -0.0673 0.3597
vn -0.4576 -0.8718 0.1745
vn -0.3480 -0.8705 0.3481
vn 0.5575 0.8023 0.2132
vn 0.4232 0.8011 0.4232
vn -0.0000 -0.8714 0.4905
vn -0.1745 -0.8718 0.4577
vn -0.5575 0.8023 0.2132
vn 0.2766 -0.9550 -0.1066
vn -0.2701 -0.6557 0.7050
vn -0.0000 -0.6522 0.7581
vn -0.0000 -0.9540 0.2997
vn -0.1066 -0.9550 0.2766
vn -0.2034 -0.9578 -0.2034
vn -0.5279 -0.6653 -0.5279
vn -0.7051 -0.6557 -0.2701
vn 0.3585 -0.0021 -0.9335
vn -0.7581 -0.6522 -0.0000
vn -0.2766 -0.9550 0.1066
vn -0.7051 -0.6557 0.2701
vn -0.5279 -0.6653 0.5279
vn -0.2034 -0.9578 0.2034
vn 0.7051 -0.6557 -0.2701
vn 0.2034 -0.9578 -0.2034
vn 0.7581 -0.6522 -0.0000
vn 0.1066 -0.9550 -0.2766
vn 0.1066 -0.9550 0.2766
vn 0.2701 -0.6557 0.7051
vn 0.6838 -0.2548 0.6838
vn 0.9039 -0.2506 0.3467
vn -0.3526 -0.1697 0.9203
vn -0.0000 -0.1684 0.9857
vn -0.0000 -0.2486 0.9686
vn -0.3467 -0.2506 0.9039
vn 0.3467 -0.2506 0.9039
vn 0.6965 -0.1723 0.6965
vn 0.9203 -0.1697 0.3526
vn 0.9857 -0.1684 -0.0000
vn 0.9686 -0.2486 -0.0000
vn -0.9039 -0.2506 -0.3467
vn -0.9686 -0.2486 -0.0000
vn 0.9039 -0.2506 -0.3467
vn 0.3526 -0.1697 0.9203
vn 0.9203 -0.1697 -0.3526
vn 0.6965 -0.1723 -0.6965
vn -0.6838 -0.2548 0.6838
vn -0.9039 -0.2506 0.3467
vn -0.9203 -0.1697 0.3526
vn -0.6965 -0.1723 0.6965
vn -0.9857 -0.1684 -0.0000
vn -0.9203 -0.1697 -0.3526
vn -0.3585 -0.0021 0.9335
vn 0.9335 -0.0021 0.3585
vn -0.9335 -0.0021 0.3585
vn 0.9335 -0.0000 -0.3585
vn 1.0000 -0.0000 -0.0000
vn 0.3585 -0.0000 -0.9335
vn -0.0000 -0.0000 -1.0000
vn 0.7071 -0.0000 0.7071
vn 0.3585 -0.0000 0.9335
vn -0.7071 -0.0000 0.7071
vn -0.3585 -0.0000 0.9335
vn -0.9335 -0.0000 0.3585
vn 0.9335 -0.0000 0.3585
vn -0.0000 -0.0000 1.0000
vn -0.1326 -0.9909 0.0227
vn 0.0227 -0.9909 -0.1326
vn 0.1326 -0.9909 -0.0227
vn -0.0227 -0.9909 0.1325
vn -1.0000 -0.0000 -0.0000
vn 0.7071 -0.0000 -0.7071
vn -0.7071 -0.0000 -0.7071
vn -0.3585 -0.0000 -0.9335
vn -0.0000 -1.0000 -0.0000
vn -0.0259 0.9983 -0.0526
vn -0.0103 0.9984 -0.0562
vn -0.0104 0.9984 -0.0562
vn -0.0156 0.9983 -0.0555
vn -0.1557 -0.8926 -0.4230
vn -0.0773 -0.9009 -0.4271
vn -0.0701 -0.9912 -0.1122
vn 0.0617 0.7280 0.6828
vn -0.4220 0.7325 0.5341
vn -0.1826 0.7290 0.6597
vn -0.6597 0.7290 -0.1825
vn 0.0259 0.9983 0.0525
vn 0.0103 0.9984 0.0565
vn 0.0104 0.9984 0.0564
vn 0.0156 0.9983 0.0558
vn -0.6793 -0.7094 -0.1879
vn 0.7033 -0.7080 0.0635
vn -0.3115 -0.7119 0.6294
vn -0.4339 -0.7141 0.5494
vn -0.1083 -0.9696 -0.2193
vn 0.6295 -0.7118 0.3115
vn 0.5493 -0.7140 -0.4341
vn -0.1328 -0.8667 0.4808
vn 0.6793 -0.7094 0.1879
vn 0.0634 -0.7080 0.7034
vn -0.0436 -0.9865 -0.1579
vn 0.4220 0.7325 -0.5342
vn 0.5342 0.7325 -0.4220
vn -0.5342 0.7325 -0.4220
vn 0.0261 0.9983 0.0524
vn 0.0312 0.9983 0.0494
vn 0.1730 -0.2642 0.9488
vn 0.0950 -0.8462 0.5242
vn 0.2096 -0.8088 0.5495
vn 0.3446 -0.2651 0.9005
vn 0.0156 0.9983 -0.0558
vn 0.0104 0.9984 -0.0564
vn 0.0103 0.9984 -0.0565
vn 0.0259 0.9983 -0.0525
vn 0.0557 0.9983 0.0156
vn 0.0524 0.9983 0.0259
vn 0.0493 0.9983 0.0312
vn 0.0523 0.9983 0.0261
vn -0.5577 0.8238 0.1016
vn -0.5327 0.8463 -0.0000
vn -0.8921 0.4518 -0.0000
vn -0.8774 0.4523 0.1599
vn -0.5342 0.7325 0.4220
vn 0.6597 0.7290 0.1826
vn -0.6828 0.7280 -0.0616
vn 0.6827 0.7281 0.0617
vn -0.0558 0.9983 0.0156
vn -0.0524 0.9983 0.0262
vn -0.0494 0.9983 0.0312
vn -0.0525 0.9983 0.0260
vn 0.6793 -0.7094 -0.1879
vn 0.4271 -0.9009 0.0773
vn 0.4538 -0.8911 0.0047
vn 0.8899 -0.4561 -0.0000
vn 0.8752 -0.4569 0.1591
vn -0.1084 -0.9697 0.2191
vn 0.8302 -0.4586 0.3170
vn 0.7502 -0.4605 0.4746
vn 0.4235 -0.8657 0.2670
vn 0.4231 -0.8926 0.1556
vn 0.4339 -0.7141 -0.5494
vn 0.0525 0.9983 -0.0259
vn 0.0564 0.9984 -0.0103
vn 0.0564 0.9984 -0.0104
vn 0.0558 0.9983 -0.0156
vn 0.6828 0.7280 -0.0616
vn -0.6118 0.7307 0.3029
vn 0.5342 0.7325 0.4220
vn -0.0156 0.9983 0.0555
vn -0.0104 0.9984 0.0563
vn -0.0103 0.9984 0.0563
vn -0.0259 0.9983 0.0525
vn 0.0564 0.9984 0.0104
vn 0.0564 0.9984 0.0102
vn 0.2190 -0.9697 -0.1085
vn 0.6295 -0.7118 -0.3115
vn -0.5493 -0.7141 0.4340
vn 0.0222 -0.9691 0.2457
vn -0.1878 -0.7093 0.6794
vn -0.0634 -0.7079 -0.7034
vn -0.8961 -0.0039 -0.4438
vn 0.9959 -0.0040 0.0900
vn 0.0897 -0.0075 0.9959
vn -0.7846 -0.0038 0.6199
vn -0.4288 0.2581 -0.8657
vn -0.3183 0.4536 -0.8324
vn -0.4764 0.4552 -0.7522
vn -0.3019 0.8245 -0.4786
vn -0.1885 0.8482 -0.4950
vn -0.5987 0.2595 -0.7578
vn 0.4763 0.4552 0.7522
vn 0.6294 0.4559 0.6293
vn 0.4020 0.8227 0.4020
vn 0.3019 0.8245 0.4786
vn 0.9314 0.2568 -0.2579
vn -0.9627 0.2561 -0.0870
vn 0.4950 0.8482 0.1885
vn 0.8324 0.4536 0.3182
vn 0.8774 0.4523 0.1598
vn 0.5577 0.8238 0.1016
vn 0.1885 0.8482 -0.4950
vn 0.3183 0.4536 -0.8325
vn 0.1598 0.4523 -0.8774
vn 0.1016 0.8238 -0.5577
vn 0.7846 -0.0038 -0.6199
vn -0.7846 -0.0038 -0.6199
vn 0.2668 -0.0039 -0.9637
vn -0.8961 -0.0039 0.4438
vn -0.9314 0.2568 0.2579
vn -0.4950 0.8482 -0.1885
vn -0.8324 0.4536 -0.3183
vn -0.8774 0.4523 -0.1598
vn -0.5577 0.8238 -0.1016
vn -0.0870 0.2561 -0.9627
vn 0.8657 0.2581 -0.4288
vn -0.8657 0.2581 -0.4288
vn -0.3008 0.8261 0.4765
vn -0.4763 0.4552 0.7523
vn -0.3183 0.4536 0.8324
vn -0.1885 0.8482 0.4950
vn -0.3721 0.8504 0.3721
vn -0.6294 0.4559 0.6294
vn 0.8961 -0.0039 -0.4438
vn 0.7846 -0.0038 0.6199
vn 0.2668 -0.0039 0.9637
vn -0.0900 -0.0040 -0.9959
vn -0.9314 0.2568 -0.2579
vn 0.5577 0.8238 -0.1016
vn 0.5327 0.8463 -0.0000
vn 0.8921 0.4518 -0.0000
vn 0.8774 0.4523 -0.1599
vn 0.9627 0.2560 -0.0870
vn 0.1016 0.8238 0.5577
vn -0.0000 0.8463 0.5327
vn -0.0000 0.4518 0.8921
vn 0.1599 0.4523 0.8774
vn 0.8658 0.2581 0.4287
vn 0.5987 0.2595 -0.7578
vn -0.4786 0.8245 -0.3019
vn -0.7523 0.4552 -0.4763
vn 0.4020 0.8227 -0.4020
vn 0.6293 0.4559 -0.6294
vn 0.4763 0.4552 -0.7523
vn 0.3019 0.8245 -0.4786
vn 0.9637 -0.0039 -0.2668
vn 0.0900 -0.0040 0.9959
vn 0.2579 0.2567 0.9314
vn 0.3182 0.4536 0.8325
vn 0.1885 0.8482 0.4950
vn 0.0870 0.2560 0.9627
vn -0.4288 0.2582 0.8657
vn -0.7577 0.2595 -0.5987
vn 0.7523 0.4552 -0.4763
vn 0.4786 0.8245 -0.3019
vn 0.4438 -0.0039 -0.8961
vn -0.2668 -0.0039 -0.9637
vn -0.9637 -0.0039 -0.2668
vn -0.0900 -0.0040 0.9959
vn -0.4438 -0.0039 0.8961
vn -0.6199 -0.0038 0.7846
vn 0.4288 0.2581 0.8658
vn -0.7578 0.2595 0.5987
vn 0.2579 0.2567 -0.9314
vn -0.9627 0.2561 0.0870
vn 0.4950 0.8482 -0.1885
vn 0.8324 0.4536 -0.3183
vn -0.0000 0.4518 -0.8921
vn -0.0000 0.8463 -0.5327
vn -0.4438 -0.0039 -0.8961
vn -0.1296 0.9881 0.0823
vn -0.4765 0.8261 0.3008
vn -0.2579 0.2567 -0.9314
vn -0.5987 0.2595 0.7578
vn 0.7523 0.4552 0.4763
vn 0.4786 0.8245 0.3019
vn 0.9314 0.2568 0.2579
vn -0.0870 0.2561 0.9627
vn -0.1016 0.8238 -0.5577
vn -0.1599 0.4523 -0.8774
vn -0.1016 0.8238 0.5577
vn -0.1598 0.4523 0.8774
vn 0.9637 -0.0039 0.2668
vn -0.9959 -0.0040 0.0900
vn 0.8961 -0.0039 0.4438
vn 0.6199 -0.0038 0.7846
vn -0.9637 -0.0039 0.2668
vn 0.6004 -0.2480 -0.7603
vn -0.4950 0.8482 0.1885
vn -0.8324 0.4536 0.3183
vn -0.2581 -0.2511 -0.9329
vn 0.4288 0.2581 -0.8657
vn 0.7578 0.2595 0.5987
vn -0.7523 0.4552 0.4763
vn -0.2668 -0.0039 0.9637
vn -0.9959 -0.0040 -0.0900
vn 0.4438 -0.0039 0.8961
vn 0.6199 -0.0038 -0.7846
vn -0.8657 0.2581 0.4288
vn 0.7578 0.2595 -0.5987
vn -0.4020 0.8227 -0.4020
vn -0.6294 0.4559 -0.6294
vn -0.2579 0.2568 0.9314
vn 0.9627 0.2561 0.0870
vn 0.1671 0.9855 -0.0282
vn 0.1638 0.9818 -0.0966
vn 0.1176 0.9861 0.1177
vn 0.0840 0.9873 0.1351
vn -0.1552 0.9875 0.0281
vn -0.1560 0.9874 -0.0277
vn -0.0823 0.9881 0.1296
vn -0.0281 0.9875 0.1552
vn 0.0277 0.9874 0.1560
vn 0.1359 0.9870 0.0852
vn 0.1604 0.9866 0.0294
vn 0.1249 -0.9872 -0.0987
vn -0.1351 0.9873 -0.0840
vn -0.1177 0.9861 -0.1176
vn -0.1216 -0.9915 -0.0466
vn -0.1292 -0.9913 -0.0236
vn 0.0256 -0.9997 0.0047
vn 0.0149 -0.9999 0.0056
vn 0.0424 0.9982 -0.0424
vn 0.0966 0.9817 -0.1638
vn 0.0786 -0.9938 -0.0787
vn -0.0631 -0.9960 0.0632
vn -0.0447 -0.9965 0.0704
vn -0.0294 0.9866 -0.1604
vn 0.0862 -0.9707 -0.2244
vn 0.2819 -0.8492 -0.4466
vn 0.1687 -0.9711 -0.1687
vn 0.0332 -0.9957 -0.0864
vn 0.0157 -0.9962 -0.0857
vn -0.0400 -0.9938 0.1036
vn -0.0852 0.9870 -0.1359
vn 0.0400 -0.9938 -0.1037
vn 0.4220 0.7325 0.5342
vn 0.1825 0.7290 -0.6598
vn -0.0617 0.7280 -0.6828
vn -0.0617 0.7281 0.6827
vn 0.3029 0.7308 0.6118
vn 0.1070 0.9704 -0.2163
vn -0.2204 -0.8680 -0.4449
vn 0.6118 0.7307 -0.3029
vn 0.3885 -0.8689 -0.3067
vn -0.4220 0.7325 -0.5342
vn -0.2189 -0.9697 0.1085
vn -0.3116 -0.7120 -0.6293
vn -0.4338 -0.7139 -0.5497
vn -0.6793 -0.7094 0.1879
vn 0.0634 -0.7080 -0.7034
vn -0.0564 0.9984 0.0103
vn -0.0564 0.9984 0.0104
vn 0.1825 0.7289 0.6598
vn -0.1825 0.7289 -0.6599
vn -0.6828 0.7280 0.0616
vn -0.3029 0.7308 -0.6118
vn -0.6295 -0.7118 0.3115
vn 0.4339 -0.7140 0.5495
vn 0.1878 -0.7093 0.6794
vn -0.7033 -0.7080 0.0635
vn -0.0557 0.9983 -0.0155
vn -0.0524 0.9983 -0.0259
vn -0.0493 0.9983 -0.0312
vn -0.0523 0.9983 -0.0261
vn -0.0564 0.9984 -0.0102
vn -0.0564 0.9984 -0.0104
vn 0.0617 0.7281 -0.6827
vn -0.0261 0.9983 -0.0525
vn -0.0311 0.9983 -0.0494
vn -0.0222 -0.9691 0.2457
vn -0.0634 -0.7081 0.7032
vn 0.1084 -0.9697 0.2188
vn 0.3114 -0.7117 0.6297
vn 0.3115 -0.7117 -0.6297
vn -0.1878 -0.7092 -0.6795
vn -0.7033 -0.7080 -0.0635
vn -0.2190 -0.9697 -0.1084
vn -0.6295 -0.7118 -0.3115
vn 0.5493 -0.7141 0.4339
vn -0.8680 -0.2492 0.4296
vn -0.2462 0.3830 0.8903
vn 0.5988 0.2595 0.7577
vn -0.0832 0.3780 -0.9221
vn 0.8680 -0.2492 -0.4296
vn 0.7602 -0.2481 0.6005
vn -0.7204 0.3964 -0.5691
vn -0.6104 -0.1735 -0.7729
vn 0.7794 -0.1160 -0.6157
vn 0.9573 -0.1161 0.2649
vn -0.9892 -0.1164 -0.0893
vn -0.8679 -0.2492 -0.4296
vn 0.4082 0.3902 0.8253
vn 0.7602 -0.2481 -0.6005
vn 0.7204 0.3964 0.5691
vn 0.2580 -0.2511 0.9329
vn -0.0870 -0.2527 0.9636
vn 0.9220 0.3782 0.0832
vn -0.9488 -0.2642 -0.1730
vn -0.8822 0.4427 -0.1607
vn -0.8372 0.4434 -0.3201
vn -0.9005 -0.2651 -0.3446
vn -0.9573 -0.1161 -0.2649
vn 0.7794 -0.1167 0.6155
vn 0.8901 -0.1159 -0.4408
vn -0.7794 -0.1160 0.6157
vn 0.0718 0.9148 0.3974
vn 0.1717 0.8758 0.4510
vn 0.0545 0.9880 0.1443
vn 0.8679 -0.2492 0.4296
vn 0.8250 0.3904 0.4086
vn 0.6004 -0.2480 0.7603
vn -0.5691 0.3964 0.7204
vn -0.9329 -0.2511 0.2582
vn 0.0870 -0.2527 0.9636
vn 0.2463 0.3834 0.8901
vn -0.9220 0.3781 0.0832
vn -0.2649 -0.1162 -0.9573
vn -0.9892 -0.1164 0.0893
vn -0.8901 -0.1159 0.4408
vn 0.6157 -0.1160 0.7794
vn -0.9329 -0.2511 -0.2582
vn -0.9636 -0.2527 -0.0870
vn -0.2461 0.3829 -0.8904
vn 0.0832 0.3780 0.9221
vn 0.2645 -0.1165 -0.9573
vn 0.9892 -0.1164 -0.0893
vn -0.4407 -0.1159 0.8901
vn -0.8902 -0.1166 -0.4403
vn -0.9488 -0.2642 0.1730
vn -0.5242 -0.8463 0.0950
vn -0.5495 -0.8088 0.2096
vn -0.9006 -0.2651 0.3446
vn 0.8251 0.3903 -0.4085
vn -0.7602 -0.2481 -0.6005
vn -0.2580 -0.2510 0.9330
vn 0.9636 -0.2527 0.0870
vn -0.9220 0.3781 -0.0832
vn -0.4298 -0.2492 0.8679
vn 0.0870 0.2560 -0.9627
vn -0.4085 0.3904 -0.8250
vn 0.5691 0.3964 -0.7204
vn 0.4407 -0.1160 -0.8901
vn -0.6158 -0.1160 0.7794
vn -0.9572 -0.1161 0.2649
vn 0.9892 -0.1164 0.0893
vn 0.4298 -0.2492 -0.8679
vn -0.7602 -0.2481 0.6005
vn 0.4084 0.3904 -0.8251
vn 0.7204 0.3964 -0.5692
vn 0.8901 -0.1159 0.4408
vn -0.7794 -0.1159 -0.6157
vn 0.2649 -0.1161 0.9573
vn -0.0893 -0.1164 0.9892
vn 0.9329 -0.2511 0.2581
vn -0.8902 0.3833 -0.2462
vn 0.0870 -0.2527 -0.9636
vn 0.0832 0.3781 -0.9220
vn 0.4297 -0.2492 0.8679
vn -0.8251 0.3903 0.4086
vn -0.6005 -0.2481 0.7602
vn -0.5691 0.3964 -0.7204
vn 0.9329 -0.2511 -0.2582
vn -0.9636 -0.2527 0.0870
vn 0.2462 0.3831 -0.8903
vn 0.9220 0.3782 -0.0832
vn -0.2649 -0.1162 0.9573
vn 0.0893 -0.1164 0.9892
vn 0.4407 -0.1159 0.8901
vn 0.6157 -0.1160 -0.7794
vn 0.2581 -0.2511 -0.9329
vn -0.8902 0.3830 0.2465
vn -0.0870 -0.2527 -0.9636
vn -0.0832 0.3780 0.9221
vn -0.4297 -0.2492 -0.8679
vn -0.6004 -0.2480 -0.7603
vn -0.4085 0.3904 0.8251
vn -0.7204 0.3964 0.5692
vn -0.4407 -0.1159 -0.8901
vn -0.6157 -0.1160 -0.7794
vn -0.8901 -0.1159 -0.4408
vn 0.0893 -0.1164 -0.9892
vn -0.2245 -0.9707 -0.0862
vn -0.4466 -0.8492 -0.2818
vn -0.1687 -0.9711 -0.1686
vn 0.1647 -0.9862 -0.0148
vn -0.2245 -0.9707 0.0862
vn -0.2423 -0.9702 -0.0000
vn -0.2163 0.9705 0.1070
vn -0.0000 -0.9938 0.1112
vn -0.0000 -0.9702 0.2422
vn -0.0862 -0.9707 0.2245
vn 0.2245 -0.9707 0.0862
vn 0.4466 -0.8492 0.2818
vn 0.1687 -0.9711 0.1687
vn 0.0048 -1.0000 0.0017
vn 0.0055 -1.0000 0.0018
vn 0.0048 -1.0000 0.0016
vn 0.1084 -0.9697 -0.2190
vn -0.0986 -0.9872 -0.1251
vn -0.4149 -0.8098 -0.4148
vn -0.2819 -0.8492 -0.4465
vn -0.0000 -0.9702 -0.2422
vn -0.0000 -0.8074 -0.5900
vn 0.0950 -0.8462 -0.5243
vn 0.2245 -0.9707 -0.0862
vn 0.5242 -0.8463 -0.0950
vn 0.2423 -0.9702 -0.0000
vn -0.2429 0.9698 -0.0219
vn 0.1085 -0.9932 0.0418
vn 0.1157 -0.9933 -0.0008
vn -0.0000 -0.8074 0.5900
vn -0.0950 -0.8462 0.5243
vn -0.1687 -0.9711 0.1687
vn -0.1037 -0.9938 0.0400
vn -0.0786 -0.9938 0.0786
vn -0.4149 -0.8098 0.4149
vn -0.4466 -0.8492 0.2818
vn 0.0216 -0.9967 0.0784
vn 0.0862 -0.9707 0.2245
vn 0.1037 -0.9938 -0.0400
vn 0.4149 -0.8098 -0.4149
vn 0.4466 -0.8492 -0.2819
vn -0.5900 -0.8074 -0.0000
vn -0.5242 -0.8463 -0.0950
vn -0.2819 -0.8492 0.4466
vn -0.0000 -0.9938 -0.1112
vn 0.4149 -0.8098 0.4149
vn 0.2819 -0.8492 0.4466
vn -0.1267 -0.9919 -0.0000
vn 0.5900 -0.8074 -0.0000
vn 0.5242 -0.8463 0.0950
vn 0.8903 0.3832 0.2462
vn -0.9646 -0.2638 -0.0000
vn -0.8143 -0.2659 0.5159
vn -0.3446 -0.2651 0.9005
vn -0.1730 -0.2642 0.9488
vn -0.1607 0.4427 0.8822
vn -0.3201 0.4434 0.8372
vn -0.8143 -0.2659 -0.5160
vn -0.6816 -0.2660 -0.6816
vn -0.5160 -0.2659 0.8143
vn -0.2096 -0.8088 0.5495
vn -0.6816 -0.2660 0.6816
vn 0.5495 -0.8088 0.2096
vn 0.9488 -0.2642 0.1730
vn 0.9005 -0.2651 0.3446
vn -0.6335 0.4443 0.6335
vn -0.7569 0.4443 0.4793
vn -0.6335 0.4443 -0.6335
vn -0.4793 0.4443 -0.7569
vn -0.5159 -0.2659 -0.8143
vn -0.8372 0.4434 0.3201
vn -0.8821 0.4427 0.1607
vn -0.5918 0.5474 0.5918
vn -0.7071 -0.0079 0.7070
vn -0.5350 -0.0075 0.8448
vn -0.4475 0.5473 0.7073
vn -0.1607 0.4427 -0.8822
vn -0.0000 0.4423 -0.8968
vn -0.0000 -0.2638 -0.9646
vn -0.1730 -0.2642 -0.9488
vn -0.0950 -0.8462 -0.5243
vn -0.2096 -0.8088 -0.5495
vn -0.3446 -0.2651 -0.9005
vn 0.9646 -0.2638 -0.0000
vn 0.8968 0.4424 -0.0000
vn 0.8822 0.4427 0.1607
vn 0.8143 -0.2659 0.5160
vn 0.8372 0.4434 0.3201
vn 0.7569 0.4443 0.4793
vn -0.3201 0.4434 -0.8372
vn 0.5159 -0.2659 0.8143
vn 0.1730 -0.2642 -0.9488
vn 0.1607 0.4427 -0.8822
vn 0.3201 0.4434 -0.8372
vn 0.3446 -0.2650 -0.9006
vn -0.8968 0.4423 -0.0000
vn 0.2096 -0.8088 -0.5495
vn 0.1607 0.4427 0.8822
vn -0.0000 0.4423 0.8968
vn -0.0000 -0.2638 0.9646
vn -0.4793 0.4443 0.7569
vn 0.6816 -0.2660 0.6816
vn 0.5160 -0.2659 -0.8143
vn 0.6816 -0.2660 -0.6816
vn 0.4794 0.4443 0.7569
vn 0.3201 0.4434 0.8372
vn 0.6335 0.4443 -0.6335
vn 0.7569 0.4443 -0.4793
vn 0.8143 -0.2659 -0.5159
vn 0.8372 0.4434 -0.3201
vn 0.8822 0.4427 -0.1607
vn 0.9488 -0.2642 -0.1730
vn 0.9006 -0.2651 -0.3446
vn -0.7569 0.4443 -0.4793
vn -0.9341 -0.0067 0.3571
vn -0.8449 -0.0075 0.5349
vn -0.7073 0.5473 0.4475
vn -0.7824 0.5465 0.2988
vn -0.5495 -0.8088 -0.2096
vn 0.2987 0.5465 0.7824
vn 0.4475 0.5472 0.7073
vn 0.2571 0.8764 0.4071
vn 0.7073 0.5473 0.4475
vn 0.4072 0.8764 0.2571
vn 0.3404 0.8765 0.3404
vn 0.5917 0.5473 0.5918
vn 0.5495 -0.8088 -0.2096
vn 0.3571 -0.0066 0.9341
vn 0.5350 -0.0076 0.8448
vn 0.6335 0.4443 0.6335
vn 0.4793 0.4443 -0.7569
vn -0.5375 -0.8003 -0.2658
vn 0.3695 -0.8030 -0.4677
vn -0.1607 -0.7967 0.5826
vn 0.6036 -0.7954 0.0544
vn 0.0351 -0.9969 -0.0707
vn -0.6650 0.7238 -0.1840
vn 0.6886 0.7225 0.0621
vn -0.0311 0.9983 0.0494
vn -0.0260 0.9983 0.0524
vn -0.1070 0.9705 0.2160
vn -0.6163 0.7260 -0.3050
vn 0.4247 0.7281 -0.5380
vn 0.1070 0.9704 0.2165
vn 0.6163 0.7260 0.3051
vn 0.5378 0.7282 -0.4248
vn 0.1838 0.7236 0.6653
vn 0.0621 0.7224 0.6887
vn 0.1607 -0.7970 0.5821
vn -0.6036 -0.7955 0.0544
vn 0.2658 -0.8002 -0.5376
vn 0.3693 -0.8027 0.4683
vn 0.9959 -0.0040 -0.0900
vn -0.2134 0.9164 0.3386
vn -0.1717 0.8759 0.4509
vn -0.0546 0.9881 0.1441
vn 0.5819 -0.7972 0.1608
vn 0.6036 -0.7954 -0.0544
vn -0.2659 -0.8004 -0.5373
vn 0.4678 -0.8029 0.3696
vn -0.1839 0.7238 0.6651
vn -0.0621 0.7226 -0.6885
vn -0.3049 0.7259 0.6165
vn 0.1878 -0.7093 -0.6794
vn 0.0400 -0.9938 0.1037
vn 0.0813 -0.9933 0.0822
vn 0.1607 -0.7970 -0.5822
vn -0.4678 -0.8028 0.3697
vn -0.5819 -0.7972 0.1609
vn -0.0544 -0.7955 -0.6036
vn 0.0149 -0.9862 -0.1651
vn 0.3029 0.7307 -0.6118
vn 0.1557 -0.8926 0.4230
vn 0.3169 -0.4586 0.8302
vn 0.1591 -0.4569 0.8752
vn 0.0773 -0.9009 0.4271
vn 0.4249 0.7283 0.5376
vn 0.0219 0.9698 -0.2429
vn 0.6651 0.7238 -0.1840
vn -0.6886 0.7225 -0.0621
vn 0.0884 -0.1698 0.9815
vn 0.1668 -0.8829 -0.4390
vn 0.0903 -0.8631 -0.4969
vn 0.1591 -0.4568 -0.8752
vn 0.3169 -0.4586 -0.8302
vn 0.0884 -0.1697 -0.9815
vn -0.1668 -0.8829 0.4389
vn -0.0903 -0.8631 0.4969
vn -0.1591 -0.4568 0.8752
vn -0.3170 -0.4586 0.8302
vn -0.8830 -0.1721 0.4366
vn 0.6104 -0.1735 0.7729
vn -0.8302 -0.4586 -0.3169
vn -0.7501 -0.4605 -0.4746
vn -0.4235 -0.8657 -0.2670
vn -0.4231 -0.8926 -0.1557
vn -0.4746 -0.4605 0.7501
vn -0.6275 -0.4610 0.6275
vn -0.3292 -0.8850 0.3293
vn -0.2670 -0.8657 0.4235
vn 0.4365 -0.1721 -0.8831
vn 0.4746 -0.4605 -0.7501
vn 0.6275 -0.4610 -0.6274
vn 0.3292 -0.8850 -0.3292
vn 0.2670 -0.8657 -0.4235
vn -0.8830 -0.1721 -0.4366
vn 0.2622 -0.1706 -0.9498
vn 0.9815 -0.1697 0.0884
vn -0.4271 -0.9009 -0.0773
vn -0.8752 -0.4569 -0.1591
vn -0.4538 -0.8911 -0.0047
vn -0.8899 -0.4561 -0.0000
vn 0.8830 -0.1721 0.4367
vn 0.2670 -0.8656 0.4236
vn 0.4747 -0.4604 0.7501
vn 0.7730 -0.1735 0.6102
vn 0.7502 -0.4604 -0.4746
vn 0.4235 -0.8656 -0.2670
vn -0.9498 -0.1706 0.2623
vn -0.0884 -0.1697 0.9815
vn 0.7033 -0.7080 -0.0635
vn 0.4969 -0.8631 -0.0903
vn 0.8752 -0.4569 -0.1591
vn 0.4366 -0.1722 0.8830
vn 0.8302 -0.4586 -0.3169
vn 0.4390 -0.8829 -0.1668
vn 0.6103 -0.1735 -0.7729
vn -0.6275 -0.4610 -0.6275
vn -0.3292 -0.8850 -0.3292
vn 0.9498 -0.1706 0.2623
vn -0.9815 -0.1697 -0.0884
vn -0.3169 -0.4586 -0.8302
vn -0.1591 -0.4569 -0.8752
vn -0.9335 -0.0000 -0.3585
vn 0.2622 -0.1706 0.9498
vn 0.9815 -0.1697 -0.0884
vn 0.1839 0.7238 -0.6651
vn -0.2622 -0.1706 0.9498
vn 0.7730 -0.1735 -0.6102
vn -0.2670 -0.8656 -0.4236
vn -0.4747 -0.4604 -0.7501
vn -0.7502 -0.4605 0.4746
vn -0.4235 -0.8656 0.2670
vn -0.2622 -0.1706 -0.9498
vn -0.4390 -0.8829 0.1668
vn -0.8302 -0.4586 0.3169
vn -0.8752 -0.4569 0.1591
vn -0.4969 -0.8631 0.0903
vn -0.0884 -0.1697 -0.9815
vn -0.4367 -0.1722 -0.8830
vn -0.6104 -0.1735 0.7728
vn -0.5493 -0.7140 -0.4341
vn -0.4365 -0.1721 0.8831
vn -0.7730 -0.1735 -0.6102
vn 0.3292 -0.8850 0.3293
vn 0.6275 -0.4610 0.6275
vn -0.9498 -0.1706 -0.2623
vn -0.0000 -0.4561 0.8899
vn 0.0047 -0.8911 0.4538
vn 0.9498 -0.1706 -0.2623
vn -0.4248 0.7282 -0.5379
vn -0.9815 -0.1697 0.0884
vn -0.0000 -0.4561 -0.8899
vn -0.0047 -0.8911 -0.4538
vn 0.8831 -0.1721 -0.4365
vn -0.7730 -0.1735 0.6102
vn -0.0710 -0.9912 0.1118
vn 0.1118 -0.9912 -0.0710
vn -0.1118 -0.9912 0.0710
vn 0.0701 -0.9912 0.1121
vn 0.1121 -0.9912 0.0701
vn -0.0394 0.9939 0.1027
vn -0.0577 0.9942 0.0908
vn 0.0219 0.9698 0.2431
vn 0.0547 0.9880 -0.1443
vn 0.0395 0.9939 -0.1028
vn 0.0576 0.9942 -0.0908
vn 0.2190 -0.9697 0.1085
vn -0.0862 -0.9707 -0.2245
vn 0.9639 -0.0074 -0.2662
vn -0.1121 -0.9912 -0.0701
vn 0.5819 -0.7972 -0.1609
vn -0.0544 -0.7954 0.6036
vn -0.2659 -0.8005 0.5371
vn -0.3693 -0.8028 -0.4681
vn 0.1249 -0.9872 0.0987
vn 0.5375 -0.8003 0.2658
vn -0.3693 -0.8027 0.4682
vn -0.6036 -0.7954 -0.0544
vn 0.0544 -0.7954 0.6037
vn 0.2163 0.9705 -0.1069
vn 0.3050 0.7261 0.6163
vn -0.4248 0.7282 0.5379
vn -0.1839 0.7237 -0.6651
vn -0.0621 0.7223 0.6888
vn -0.5375 -0.8003 0.2659
vn -0.5820 -0.7972 -0.1608
vn 0.0544 -0.7954 -0.6036
vn -0.2163 0.9705 -0.1070
vn 0.3050 0.7261 -0.6163
vn -0.5378 0.7282 0.4248
vn -0.6650 0.7238 0.1840
vn -0.6886 0.7225 0.0621
vn -0.0149 -0.9861 -0.1653
vn -0.1607 -0.7969 -0.5824
vn 0.2658 -0.8001 0.5377
vn 0.4678 -0.8028 -0.3697
vn 0.0986 -0.9872 0.1251
vn 0.6886 0.7225 -0.0621
vn 0.2163 0.9705 0.1069
vn 0.6163 0.7260 -0.3050
vn 0.5378 0.7282 0.4249
vn -0.2457 -0.9691 0.0222
vn 0.6651 0.7238 0.1840
vn 0.0621 0.7224 -0.6887
vn -0.1070 0.9704 -0.2163
vn -0.3049 0.7258 -0.6167
vn -0.5378 0.7282 -0.4249
vn 0.9474 -0.3086 0.0854
vn 0.4806 -0.8668 0.1328
vn 0.2645 -0.1165 0.9573
vn 0.2662 -0.0074 -0.9639
vn -0.0891 -0.1166 -0.9892
vn -0.7848 -0.0074 0.6197
vn 0.4403 -0.1166 -0.8902
vn 0.6155 -0.1167 -0.7794
vn -0.4432 -0.0074 0.8964
vn -0.6197 -0.0074 0.7848
vn 0.4217 -0.3091 -0.8524
vn 0.4454 -0.8679 -0.2202
vn 0.5893 -0.3098 -0.7462
vn 0.4217 -0.3090 0.8525
vn -0.5893 -0.3098 -0.7462
vn 0.4454 -0.8679 0.2202
vn -0.8902 -0.1166 0.4403
vn 0.0897 -0.0075 -0.9959
vn 0.7794 -0.1168 -0.6155
vn 0.7848 -0.0074 -0.6197
vn 0.2649 -0.1161 -0.9573
vn 0.0891 -0.1166 0.9892
vn -0.4432 -0.0074 -0.8964
vn -0.0897 -0.0075 -0.9959
vn -0.9168 -0.3086 0.2534
vn 0.1328 -0.8669 0.4805
vn 0.0854 -0.3086 -0.9474
vn -0.8524 -0.3090 -0.4217
vn -0.5892 -0.3097 0.7462
vn -0.4403 -0.1166 -0.8902
vn -0.8964 -0.0074 0.4432
vn -0.6155 -0.1168 -0.7794
vn 0.6197 -0.0074 -0.7848
vn -0.9573 -0.1165 0.2645
vn 0.9892 -0.1166 -0.0891
vn 0.9639 -0.0074 0.2662
vn -0.9959 -0.0075 -0.0897
vn -0.2534 -0.3086 -0.9168
vn 0.0449 -0.8662 0.4977
vn -0.0854 -0.3085 -0.9474
vn -0.9168 -0.3086 -0.2534
vn 0.4806 -0.8668 -0.1328
vn 0.9474 -0.3086 -0.0854
vn 0.8524 -0.3091 0.4217
vn 0.7462 -0.3097 0.5893
vn 0.2204 -0.8680 0.4449
vn -0.2645 -0.1165 0.9573
vn 0.4432 -0.0074 0.8964
vn 0.6155 -0.1168 0.7794
vn -0.7848 -0.0074 -0.6197
vn -0.2645 -0.1165 -0.9573
vn -0.9892 -0.1166 -0.0891
vn -0.2662 -0.0074 -0.9639
vn 0.9959 -0.0075 0.0897
vn 0.9168 -0.3086 -0.2534
vn -0.9474 -0.3085 -0.0854
vn 0.1328 -0.8669 -0.4805
vn 0.9573 -0.1165 0.2645
vn -0.9639 -0.0074 0.2662
vn -0.0891 -0.1166 0.9892
vn 0.9959 -0.0075 -0.0897
vn 0.8902 -0.1166 -0.4403
vn 0.9892 -0.1166 0.0891
vn 0.4432 -0.0074 -0.8964
vn -0.6197 -0.0074 -0.7848
vn 0.8524 -0.3091 -0.4217
vn -0.4454 -0.8679 0.2202
vn -0.7462 -0.3097 -0.5893
vn -0.4217 -0.3091 -0.8524
vn -0.0449 -0.8661 0.4978
vn -0.7462 -0.3097 0.5893
vn -0.2534 -0.3086 0.9168
vn -0.0854 -0.3085 0.9474
vn -0.0449 -0.8664 -0.4974
vn -0.9573 -0.1165 -0.2645
vn 0.2662 -0.0074 0.9639
vn 0.7794 -0.1160 0.6157
vn -0.9959 -0.0075 0.0897
vn 0.8902 -0.1166 0.4403
vn -0.7794 -0.1168 -0.6155
vn -0.8964 -0.0074 -0.4432
vn -0.8524 -0.3090 0.4217
vn -0.1473 -0.5673 0.8102
vn -0.0000 -0.5665 0.8241
vn -0.0000 -0.0054 1.0000
vn -0.1792 -0.0059 0.9838
vn -0.4453 -0.8679 -0.2202
vn -0.4403 -0.1166 0.8902
vn -0.6155 -0.1168 0.7794
vn 0.7848 -0.0074 0.6197
vn 0.9572 -0.1161 -0.2649
vn 0.0891 -0.1166 -0.9892
vn 0.8964 -0.0074 0.4432
vn -0.2662 -0.0074 0.9639
vn 0.2534 -0.3086 -0.9168
vn -0.4216 -0.3090 0.8525
vn 0.2533 -0.3086 0.9168
vn 0.0854 -0.3085 0.9474
vn 0.4977 -0.8662 0.0449
vn 0.9573 -0.1165 -0.2645
vn -0.9639 -0.0074 -0.2662
vn -0.9892 -0.1166 0.0891
vn -0.0897 -0.0075 0.9959
vn 0.4403 -0.1166 0.8902
vn -0.7794 -0.1168 0.6155
vn 0.8964 -0.0074 -0.4432
vn 0.6197 -0.0074 0.7848
vn 0.9168 -0.3086 0.2534
vn -0.2204 -0.8680 0.4449
vn 0.7462 -0.3097 -0.5893
vn 0.0570 0.9984 -0.0000
vn 0.8244 0.5459 0.1499
vn 0.3974 0.9148 0.0718
vn 0.4511 0.8758 0.1718
vn 0.7824 0.5465 0.2987
vn 0.3974 0.9148 -0.0718
vn 0.4839 0.8751 -0.0000
vn 0.8381 0.5456 -0.0000
vn 0.8244 0.5459 -0.1499
vn 0.0718 0.9149 -0.3973
vn -0.0000 0.9880 -0.1547
vn 0.2988 0.5465 -0.7823
vn 0.3571 -0.0067 -0.9340
vn 0.1792 -0.0060 -0.9838
vn 0.1500 0.5459 -0.8243
vn -0.7678 -0.5697 -0.2931
vn -0.8101 -0.5675 -0.1473
vn -0.9838 -0.0059 -0.1791
vn -0.9341 -0.0067 -0.3571
vn -0.2988 0.5465 0.7824
vn -0.3571 -0.0066 0.9341
vn -0.1499 0.5459 0.8243
vn 0.1473 -0.5674 0.8102
vn 0.1792 -0.0058 0.9838
vn 0.9341 -0.0067 -0.3571
vn 0.8449 -0.0075 -0.5349
vn 0.7073 0.5473 -0.4475
vn 0.7824 0.5465 -0.2987
vn 0.5918 0.5473 -0.5918
vn 0.7071 -0.0079 -0.7070
vn 0.5350 -0.0075 -0.8448
vn 0.4475 0.5473 -0.7073
vn -0.7678 -0.5697 0.2931
vn -0.6932 -0.5720 0.4385
vn -0.0000 0.5456 0.8380
vn -0.1443 0.9880 0.0547
vn -0.3386 0.9164 0.2134
vn -0.1095 0.9879 0.1095
vn -0.4510 0.8758 0.1717
vn -0.7073 0.5473 -0.4475
vn -0.3386 0.9164 -0.2134
vn -0.3404 0.8765 -0.3404
vn -0.5918 0.5473 -0.5918
vn 0.1443 0.9880 -0.0547
vn 0.3386 0.9164 -0.2134
vn 0.1095 0.9879 -0.1094
vn -0.4385 -0.5720 0.6932
vn -0.2931 -0.5696 0.7679
vn -0.7071 -0.0079 -0.7070
vn -0.8448 -0.0075 -0.5350
vn 0.4385 -0.5719 0.6933
vn 0.5797 -0.5726 0.5797
vn 0.7071 -0.0079 0.7070
vn -0.8244 0.5459 0.1499
vn -0.9838 -0.0059 0.1791
vn 0.1500 0.5459 0.8243
vn -0.8101 -0.5675 0.1473
vn -1.0000 -0.0056 -0.0000
vn -0.8240 -0.5666 -0.0000
vn 0.1717 0.8758 -0.4510
vn -0.1546 0.9880 -0.0000
vn -0.4839 0.8751 -0.0000
vn -0.3974 0.9148 0.0718
vn -0.0000 0.5456 -0.8381
vn -0.0000 0.8751 -0.4839
vn 0.1442 0.9881 0.0534
vn 0.1632 0.9812 0.1029
vn 0.2134 0.9164 -0.3386
vn 0.3405 0.8765 -0.3404
vn -0.8381 0.5456 -0.0000
vn -0.0000 0.8751 0.4839
vn -0.0718 0.9148 0.3974
vn -0.0000 0.9880 0.1546
vn -0.7824 0.5465 -0.2987
vn -0.8244 0.5459 -0.1499
vn 0.7678 -0.5697 0.2931
vn 0.8101 -0.5675 0.1473
vn 0.9838 -0.0059 0.1791
vn 0.9341 -0.0067 0.3571
vn 0.1473 -0.5675 -0.8101
vn -0.0000 -0.5666 -0.8240
vn -0.0000 -0.0057 -1.0000
vn -0.5349 -0.0076 -0.8449
vn -0.4475 0.5473 -0.7073
vn -0.5797 -0.5727 0.5797
vn 0.4510 0.8758 -0.1717
vn -0.1500 0.5459 -0.8243
vn -0.1792 -0.0059 -0.9838
vn 0.9838 -0.0059 -0.1791
vn 0.8101 -0.5675 -0.1473
vn 0.7678 -0.5697 -0.2931
vn 1.0000 -0.0056 -0.0000
vn -0.9474 -0.3085 0.0854
vn -0.3570 -0.0067 -0.9341
vn -0.2987 0.5465 -0.7824
vn 0.8448 -0.0075 0.5350
vn 0.6932 -0.5721 0.4385
vn -0.4678 -0.8028 -0.3696
vn 0.0819 0.9880 0.1308
vn -0.1604 0.9853 -0.0583
vn -0.3974 0.9148 -0.0718
vn 0.5375 -0.8003 -0.2659
vn -0.3405 0.8765 0.3404
vn 0.6118 0.7307 0.3029
vn 0.2930 -0.5696 0.7679
vn -0.5797 -0.5727 -0.5797
vn -0.6932 -0.5720 -0.4385
vn -0.1473 -0.5674 -0.8102
vn -0.4510 0.8758 -0.1717
vn -0.1146 0.9868 -0.1146
vn 0.6932 -0.5720 -0.4385
vn 0.5797 -0.5727 -0.5796
vn -0.2930 -0.5696 -0.7679
vn 0.1546 0.9880 -0.0000
vn -0.0718 0.9148 -0.3974
vn -0.2571 0.8764 -0.4071
vn -0.1718 0.8758 -0.4511
vn 0.4385 -0.5720 -0.6931
vn 0.2930 -0.5696 -0.7679
vn 0.5893 -0.3097 0.7462
vn 0.8240 -0.5666 -0.0000
vn -0.4385 -0.5720 -0.6932
vn -0.4417 -0.0923 0.8924
vn 0.4173 -0.3395 0.8430
vn -0.7814 -0.0930 0.6171
vn -0.5826 -0.3414 -0.7376
vn 0.2653 -0.0915 0.9598
vn 0.0895 -0.0910 -0.9918
vn 0.9074 -0.3372 0.2509
vn 0.0846 -0.3360 -0.9381
vn -0.2648 0.1129 -0.9577
vn 0.9005 0.3566 0.2490
vn -0.9896 0.1126 -0.0893
vn 0.0840 0.3555 -0.9309
vn -0.8905 0.1135 -0.4406
vn 0.6158 0.1141 0.7796
vn -0.4141 0.3587 0.8366
vn 0.8367 0.3586 0.4140
vn 0.8924 -0.0923 0.4417
vn 0.6171 -0.0930 0.7814
vn 0.7376 -0.3414 0.5825
vn -0.9918 -0.0910 -0.0894
vn -0.6158 0.1141 -0.7796
vn 0.2510 -0.3374 0.9073
vn 0.0846 -0.3360 0.9381
vn 0.9577 0.1129 -0.2648
vn -0.9005 0.3566 -0.2490
vn 0.0893 0.1126 0.9896
vn -0.0840 0.3556 -0.9309
vn 0.4406 0.1135 0.8905
vn 0.6157 0.1141 -0.7797
vn -0.8366 0.3586 -0.4140
vn -0.5782 0.3605 -0.7319
vn -0.8924 -0.0923 -0.4417
vn 0.8431 -0.3394 -0.4172
vn -0.8924 -0.0923 0.4417
vn 0.5826 -0.3414 -0.7376
vn 0.2654 -0.0915 -0.9598
vn 0.9918 -0.0910 0.0894
vn -0.9074 -0.3372 0.2508
vn -0.9381 -0.3360 -0.0846
vn -0.0893 0.1126 -0.9896
vn 0.2490 0.3567 0.9004
vn -0.9896 0.1126 0.0893
vn -0.0840 0.3556 0.9309
vn -0.8905 0.1135 0.4406
vn -0.7796 0.1141 -0.6157
vn 0.8366 0.3586 -0.4140
vn 0.7321 0.3605 0.5780
vn 0.9598 -0.0915 -0.2654
vn -0.9074 -0.3372 -0.2509
vn 0.9918 -0.0910 -0.0894
vn 0.5782 0.3606 -0.7319
vn 0.4416 -0.0923 -0.8925
vn 0.7813 -0.0930 -0.6172
vn -0.4172 -0.3394 -0.8431
vn -0.7377 -0.3414 -0.5824
vn 0.8905 0.1135 -0.4406
vn 0.4140 0.3586 0.8366
vn 0.7796 0.1141 0.6157
vn 0.7320 0.3605 -0.5781
vn -0.9577 0.1129 0.2648
vn 0.0893 0.1126 -0.9896
vn 0.9005 0.3566 -0.2490
vn 0.9309 0.3555 -0.0840
vn -0.9598 -0.0915 0.2654
vn -0.2510 -0.3373 -0.9073
vn 0.0895 -0.0910 0.9918
vn -0.0846 -0.3360 -0.9381
vn 0.4417 -0.0923 0.8924
vn -0.7813 -0.0930 -0.6172
vn -0.8431 -0.3394 0.4172
vn 0.5826 -0.3414 0.7376
vn 0.9577 0.1129 0.2647
vn -0.8366 0.3586 0.4140
vn -0.7796 0.1141 0.6157
vn -0.5781 0.3605 0.7320
vn -0.9577 0.1129 -0.2647
vn 0.9896 0.1126 -0.0893
vn -0.2491 0.3567 -0.9004
vn -0.9309 0.3555 -0.0840
vn -0.9598 -0.0915 -0.2654
vn -0.2509 -0.3373 0.9073
vn -0.9918 -0.0910 0.0894
vn 0.9381 -0.3360 0.0846
vn -0.4417 -0.0923 -0.8924
vn 0.7813 -0.0930 0.6172
vn -0.4173 -0.3394 0.8430
vn -0.7376 -0.3414 0.5825
vn -0.4406 0.1135 -0.8905
vn -0.9005 0.3566 0.2490
vn 0.7796 0.1141 -0.6157
vn 0.5781 0.3605 0.7321
vn -0.2648 0.1129 0.9577
vn -0.0893 -0.1164 -0.9892
vn 0.0840 0.3556 0.9309
vn 0.8924 -0.0923 -0.4417
vn 0.8431 -0.3393 0.4172
vn -0.6173 -0.0930 -0.7812
vn -0.5826 -0.3414 0.7376
vn 0.9598 -0.0915 0.2654
vn -0.0895 -0.0910 0.9918
vn 0.2509 -0.3373 -0.9074
vn -0.0846 -0.3360 0.9381
vn 0.2648 0.1129 -0.9577
vn 0.2490 0.3566 -0.9005
vn 0.9896 0.1126 0.0893
vn 0.9309 0.3555 0.0840
vn 0.8905 0.1135 0.4406
vn -0.4407 0.1135 0.8904
vn 0.4141 0.3587 -0.8366
vn -0.7320 0.3605 -0.5781
vn -0.2654 -0.0915 0.9598
vn 0.9381 -0.3360 -0.0846
vn -0.0895 -0.0910 -0.9918
vn -0.9381 -0.3360 0.0846
vn -0.2653 -0.0915 -0.9598
vn -0.6171 -0.0930 0.7814
vn 0.4173 -0.3394 -0.8430
vn -0.8431 -0.3394 -0.4172
vn 0.4407 0.1135 -0.8904
vn -0.4141 0.3587 -0.8366
vn -0.6158 0.1141 0.7796
vn -0.7320 0.3605 0.5781
vn 0.2648 0.1129 0.9577
vn -0.0893 0.1126 0.9896
vn -0.2491 0.3567 0.9004
vn -0.9309 0.3555 0.0840
vn 0.0413 0.9983 0.0413
vn 0.2369 -0.9693 -0.0655
vn -0.6118 0.7307 -0.3029
vn 0.0221 -0.9996 0.0174
vn 0.0198 -0.9996 0.0196
vn -0.1905 -0.9701 0.1505
vn -0.4975 -0.8663 -0.0449
vn -0.0000 0.9984 0.0570
vn -0.0000 0.9984 -0.0570
vn -0.6598 0.7290 0.1826
vn -0.1905 -0.9701 -0.1505
vn -0.0413 0.9983 -0.0413
vn 0.0413 0.9983 -0.0413
vn 0.0261 0.9983 -0.0524
vn 0.0312 0.9983 -0.0493
vn -0.0820 0.9880 -0.1308
vn -0.0545 0.9880 -0.1444
vn -0.2342 0.9700 0.0647
vn -0.2369 -0.9693 0.0655
vn 0.2457 -0.9691 -0.0222
vn 0.1525 0.9765 -0.1525
vn -0.0715 -0.9869 0.1449
vn -0.0222 -0.9692 -0.2455
vn -0.0986 -0.9872 0.1251
vn 0.0282 0.9855 -0.1671
vn -0.0563 -0.9984 0.0001
vn -0.0094 -0.9997 -0.0247
vn -0.0148 -0.9996 -0.0231
vn -0.0149 -0.9996 -0.0230
vn -0.0096 -0.9996 -0.0247
vn -0.0400 -0.9984 -0.0400
vn -0.0889 -0.9921 -0.0889
vn -0.0444 -0.9921 -0.1173
vn -0.0186 -0.9983 -0.0545
vn 0.0148 -0.9862 0.1648
vn 0.0159 -0.9962 0.0857
vn 0.0370 -0.9947 0.0963
vn -0.0045 -0.9997 0.0246
vn -0.0095 -0.9997 0.0244
vn -0.0094 -0.9997 0.0244
vn -0.0000 -0.9956 0.0938
vn 0.0165 -0.9999 -0.0014
vn -0.0832 -0.9964 0.0156
vn -0.1316 -0.9913 -0.0000
vn -0.0157 -0.9962 0.0857
vn -0.0864 -0.9957 0.0333
vn -0.0704 -0.9965 0.0448
vn -0.0332 -0.9957 0.0864
vn 0.0500 -0.9956 0.0787
vn 0.0707 -0.9950 0.0707
vn 0.0787 -0.9956 0.0501
vn -0.0527 -0.9984 -0.0203
vn 0.0964 -0.9947 0.0371
vn 0.0239 -0.9996 0.0151
vn 0.0958 -0.9952 0.0175
vn 0.0113 -0.9999 0.0131
vn -0.0449 -0.9965 -0.0703
vn -0.0899 -0.9919 -0.0898
vn 0.1046 -0.9945 -0.0000
vn 0.0895 -0.9959 -0.0154
vn -0.0333 -0.9957 -0.0864
vn 0.0864 -0.9957 -0.0333
vn -0.0157 -0.9962 -0.0856
vn 0.0704 -0.9965 -0.0448
vn -0.0000 -0.9956 -0.0938
vn 0.0632 -0.9960 -0.0631
vn 0.0447 -0.9965 -0.0703
vn -0.0648 0.9700 -0.2342
vn 0.0648 0.9700 -0.2344
vn -0.3068 -0.8689 0.3884
vn 0.2203 -0.8679 -0.4452
vn 0.1504 -0.9701 0.1905
vn -0.0413 0.9983 0.0414
vn -0.0570 0.9984 -0.0000
vn 0.0095 -0.9997 -0.0245
vn 0.0148 -0.9996 -0.0233
vn 0.0147 -0.9996 -0.0233
vn 0.0094 -0.9997 -0.0244
vn 0.6598 0.7290 -0.1826
vn -0.1504 -0.9701 0.1905
vn 0.2429 0.9698 0.0219
vn 0.2369 -0.9693 0.0655
vn -0.0655 -0.9693 0.2370
vn -0.2457 -0.9691 -0.0221
vn 0.1905 -0.9701 -0.1505
vn 0.1905 -0.9701 0.1506
vn -0.0436 -0.9866 0.1575
vn 0.0436 -0.9864 0.1584
vn -0.0148 -0.9862 0.1647
vn 0.1882 0.9708 0.1488
vn 0.0793 -0.9966 0.0219
vn 0.0074 -0.9965 0.0831
vn -0.0148 -0.9996 0.0230
vn -0.0198 -0.9996 0.0195
vn -0.0147 -0.9996 0.0231
vn 0.0826 -0.9966 0.0074
vn 0.0148 -0.9996 0.0233
vn 0.0149 -0.9996 0.0233
vn -0.0216 -0.9967 0.0784
vn 0.0095 -0.9997 0.0247
vn 0.0096 -0.9996 0.0247
vn 0.0351 -0.9969 0.0707
vn 0.0244 -0.9997 -0.0045
vn 0.0245 -0.9997 -0.0095
vn 0.0245 -0.9997 -0.0097
vn 0.0244 -0.9997 -0.0046
vn -0.0478 -0.9970 0.0610
vn -0.0826 -0.9966 -0.0074
vn 0.0606 -0.9970 -0.0476
vn -0.0000 -0.9997 0.0243
vn -0.0351 -0.9969 0.0707
vn -0.0244 -0.9997 0.0046
vn -0.0245 -0.9997 0.0096
vn -0.0245 -0.9997 0.0097
vn -0.0216 -0.9967 -0.0784
vn 0.0494 0.9983 -0.0312
vn 0.0524 0.9983 -0.0261
vn 0.0074 -0.9965 -0.0831
vn -0.0198 -0.9996 -0.0195
vn 0.0785 -0.9967 -0.0218
vn -0.0233 -0.9996 0.0147
vn -0.0233 -0.9996 0.0148
vn -0.0711 -0.9968 0.0353
vn 0.0045 -0.9997 0.0243
vn 0.0046 -0.9997 0.0243
vn 0.0478 -0.9970 -0.0610
vn -0.0241 -0.9997 -0.0000
vn 0.0041 -1.0000 0.0015
vn 0.0478 -0.9970 0.0610
vn 0.0241 -0.9997 -0.0000
vn -0.0704 -0.9969 -0.0346
vn -0.1504 -0.9701 -0.1903
vn 0.1448 -0.9869 -0.0717
vn -0.1448 -0.9869 0.0717
vn 0.0606 -0.9970 0.0476
vn -0.1446 -0.9869 -0.0715
vn -0.3029 0.7307 0.6118
vn -0.2342 0.9700 -0.0647
vn 0.2429 0.9698 -0.0219
vn -0.1177 -0.9920 -0.0457
vn 0.1580 -0.9865 -0.0436
vn -0.1650 -0.9862 -0.0149
vn -0.0648 0.9700 0.2344
vn -0.0219 0.9698 -0.2431
vn 0.1505 -0.9701 -0.1903
vn -0.1487 0.9708 -0.1882
vn 0.0436 -0.9865 -0.1579
vn 0.1647 -0.9862 0.0148
vn -0.1882 0.9708 -0.1486
vn 0.0648 0.9701 0.2339
vn 0.2342 0.9700 -0.0647
vn -0.0219 0.9698 0.2428
vn 0.0710 -0.9912 -0.1118
vn -0.0085 1.0000 0.0036
vn -0.1086 0.9939 -0.0193
vn -0.1086 0.9939 0.0198
vn -0.0908 0.9942 0.0576
vn -0.0756 0.9943 0.0756
vn -0.0198 0.9939 0.1086
vn 0.0198 0.9939 0.1086
vn -0.0000 0.9938 0.1114
vn -0.0581 0.9941 -0.0915
vn -0.0394 0.9939 -0.1027
vn 0.0257 0.9996 0.0151
vn 0.0698 0.9949 0.0723
vn 0.0865 0.9948 0.0534
vn -0.0899 0.9953 -0.0346
vn -0.1114 0.9938 -0.0000
vn 0.0581 0.9941 0.0916
vn 0.0394 0.9939 0.1027
vn -0.1027 0.9939 0.0394
vn 0.2342 0.9700 0.0647
vn -0.2429 0.9698 0.0219
vn 0.1182 0.9858 0.1195
vn 0.1086 0.9939 0.0198
vn 0.1086 0.9939 -0.0198
vn 0.0908 0.9942 -0.0577
vn 0.1027 0.9939 -0.0394
vn 0.0198 0.9939 -0.1086
vn -0.0198 0.9939 -0.1087
vn -0.1085 -0.9917 -0.0688
vn -0.0721 0.9964 -0.0456
vn -0.0726 0.9946 -0.0737
vn 0.1014 0.9941 0.0376
vn 0.1114 0.9938 -0.0000
vn -0.0000 0.9938 -0.1115
vn 0.0756 0.9943 -0.0756
vn 0.0198 -0.9996 -0.0195
vn 0.0986 -0.9873 -0.1247
vn 0.1446 -0.9869 0.0715
vn 0.0716 -0.9868 0.1454
vn -0.1249 -0.9872 -0.0987
vn 0.1486 0.9708 -0.1883
vn 0.1882 0.9708 -0.1488
vn -0.1578 -0.9865 -0.0436
vn -0.1580 -0.9865 0.0436
vn -0.1650 -0.9862 0.0149
vn 0.0715 -0.9869 -0.1449
vn -0.0716 -0.9868 -0.1450
vn -0.1249 -0.9872 0.0987
vn 0.1487 0.9708 0.1882
vn -0.0655 -0.9694 -0.2367
vn -0.2369 -0.9693 -0.0655
vn 0.0222 -0.9691 -0.2457
vn -0.1486 0.9708 0.1883
vn -0.0792 -0.9966 -0.0219
vn -0.0826 -0.9966 0.0075
vn -0.0221 -0.9996 -0.0171
vn 0.0826 -0.9966 -0.0075
vn 0.0216 -0.9966 -0.0790
vn 0.0233 -0.9996 -0.0147
vn 0.0233 -0.9996 -0.0148
vn 0.0711 -0.9968 -0.0353
vn -0.0606 -0.9970 -0.0480
vn 0.0241 -0.9997 0.0022
vn -0.0606 -0.9970 0.0476
vn -0.0000 -0.9997 -0.0246
vn -0.0045 -0.9997 -0.0251
vn -0.0046 -0.9997 -0.0251
vn -0.0351 -0.9969 -0.0707
vn 0.0045 -0.9997 -0.0241
vn 0.1578 -0.9865 0.0436
vn -0.0074 -0.9966 -0.0825
vn -0.0074 -0.9965 0.0831
vn -0.0785 -0.9967 0.0218
vn -0.0048 -1.0000 -0.0017
vn -0.0055 -1.0000 -0.0018
vn -0.0048 -1.0000 -0.0016
vn -0.0478 -0.9970 -0.0610
vn 0.0704 -0.9969 0.0346
vn -0.4806 -0.8668 0.1328
vn 0.3068 -0.8689 0.3884
vn 0.0449 -0.8663 -0.4975
vn -0.4976 -0.8663 0.0449
vn 0.4977 -0.8662 -0.0449
vn 0.3068 -0.8688 -0.3887
vn -0.1328 -0.8669 -0.4805
vn -0.3885 -0.8689 0.3067
vn -0.3068 -0.8689 -0.3884
vn -0.4806 -0.8668 -0.1328
vn 0.3885 -0.8689 0.3069
vn -0.3885 -0.8689 -0.3067
vn 0.0655 -0.9693 0.2372
vn 0.0655 -0.9693 -0.2369
vn 0.2457 -0.9691 0.0221
vn -0.1882 0.9708 0.1487
vn -0.6163 0.7260 0.3050
vn 0.9335 -0.0021 0.3584
vn 0.6171 -0.0930 -0.7814
vn -0.3584 -0.0021 -0.9335
vn 0.5688 0.3962 0.7207
vn -0.8250 0.3905 -0.4085
vn 0.8902 0.3830 -0.2465
vn 0.9636 -0.2527 -0.0870
vn -0.0241 -0.9997 -0.0022
vn -0.0041 -1.0000 -0.0015
vn 0.7377 -0.3414 -0.5824
vn 0.9074 -0.3372 -0.2508
vn 0.3584 -0.0021 -0.9335
vn -0.9335 -0.0021 -0.3584
vn 0.9335 -0.0021 -0.3584
vn -0.3584 -0.0021 0.9335
vn 0.3584 -0.0021 0.9335
vn 0.0900 -0.0040 -0.9959
vn -0.9335 -0.0021 0.3584
vn -0.6199 -0.0038 -0.7846
vt 0.000000 0.000000
vt 0.654275 0.771043
vt 0.654275 0.776128
vt 0.671625 0.776128
vt 0.671625 0.771043
vt 0.671625 0.760875
vt 0.671625 0.755790
vt 0.654275 0.755790
vt 0.654275 0.760875
vt 0.671625 0.786296
vt 0.654275 0.786296
vt 0.654275 0.791381
vt 0.671625 0.791381
vt 0.654275 0.725284
vt 0.671625 0.725284
vt 0.671625 0.720200
vt 0.654275 0.720200
vt 0.654275 0.730369
vt 0.671625 0.730369
vt 0.654275 0.781212
vt 0.671625 0.781212
vt 0.671625 0.715115
vt 0.654275 0.715115
vt 0.673192 0.768298
vt 0.668519 0.745313
vt 0.661007 0.751507
vt 0.665599 0.774421
vt 0.654275 0.735453
vt 0.671625 0.735453
vt 0.654275 0.765959
vt 0.671625 0.765959
vt 0.671625 0.745622
vt 0.654275 0.745622
vt 0.654275 0.750706
vt 0.671625 0.750706
vt 0.654275 0.796465
vt 0.671625 0.796465
vt 0.658449 0.777217
vt 0.660227 0.780423
vt 0.660162 0.780607
vt 0.658365 0.777374
vt 0.672502 0.749128
vt 0.671331 0.747175
vt 0.673239 0.751802
vt 0.673967 0.738685
vt 0.673877 0.738960
vt 0.671749 0.736648
vt 0.671809 0.736345
vt 0.662339 0.736897
vt 0.662274 0.736585
vt 0.664602 0.735119
vt 0.664637 0.735448
vt 0.669437 0.735305
vt 0.667035 0.734911
vt 0.667031 0.734579
vt 0.669465 0.734982
vt 0.654891 0.759699
vt 0.654730 0.759703
vt 0.654940 0.754846
vt 0.655096 0.754905
vt 0.675671 0.742262
vt 0.673814 0.739150
vt 0.675755 0.742097
vt 0.682177 0.759858
vt 0.681908 0.765908
vt 0.681862 0.765890
vt 0.682130 0.759859
vt 0.652618 0.753961
vt 0.653438 0.748360
vt 0.653480 0.748395
vt 0.652662 0.753979
vt 0.666985 0.790481
vt 0.669949 0.790130
vt 0.669958 0.790225
vt 0.666985 0.790576
vt 0.672804 0.788566
vt 0.672822 0.788656
vt 0.679450 0.743039
vt 0.677543 0.738524
vt 0.677601 0.738406
vt 0.679519 0.742945
vt 0.652373 0.759768
vt 0.652617 0.765558
vt 0.652573 0.765575
vt 0.652328 0.759768
vt 0.658813 0.734838
vt 0.658788 0.734760
vt 0.661302 0.731904
vt 0.661319 0.731990
vt 0.664564 0.784360
vt 0.666971 0.784928
vt 0.666971 0.784827
vt 0.664573 0.784263
vt 0.661234 0.787755
vt 0.661216 0.787840
vt 0.658675 0.784858
vt 0.658701 0.784782
vt 0.675671 0.742262
vt 0.675710 0.742186
vt 0.673843 0.739062
vt 0.671798 0.783449
vt 0.671862 0.783774
vt 0.669459 0.785132
vt 0.669426 0.784793
vt 0.673984 0.781122
vt 0.674076 0.781415
vt 0.655799 0.769175
vt 0.655647 0.769300
vt 0.654968 0.764579
vt 0.655128 0.764513
vt 0.677318 0.745918
vt 0.677218 0.746052
vt 0.674104 0.738256
vt 0.674342 0.737526
vt 0.676356 0.740865
vt 0.676048 0.741493
vt 0.666973 0.785168
vt 0.664542 0.784586
vt 0.679519 0.759997
vt 0.679402 0.760008
vt 0.679122 0.755094
vt 0.679239 0.755038
vt 0.660782 0.751170
vt 0.660067 0.753867
vt 0.659919 0.753741
vt 0.660649 0.750987
vt 0.660234 0.739238
vt 0.660143 0.738959
vt 0.679329 0.764962
vt 0.679685 0.759989
vt 0.679491 0.765021
vt 0.655754 0.750306
vt 0.655608 0.750184
vt 0.678809 0.769860
vt 0.678658 0.769733
vt 0.658390 0.742341
vt 0.660298 0.739438
vt 0.658469 0.742509
vt 0.654824 0.743222
vt 0.654787 0.743171
vt 0.656593 0.738577
vt 0.656625 0.738642
vt 0.659618 0.756785
vt 0.659461 0.756721
vt 0.666985 0.790312
vt 0.669933 0.789961
vt 0.659284 0.759806
vt 0.659396 0.762879
vt 0.659555 0.762816
vt 0.659445 0.759806
vt 0.664075 0.730281
vt 0.664065 0.730190
vt 0.675827 0.777786
vt 0.677397 0.773983
vt 0.677491 0.774117
vt 0.675908 0.777962
vt 0.677627 0.774306
vt 0.658277 0.742106
vt 0.678501 0.750279
vt 0.678657 0.750143
vt 0.679403 0.754963
vt 0.669419 0.735530
vt 0.667040 0.735145
vt 0.679217 0.764923
vt 0.658858 0.734976
vt 0.656681 0.738759
vt 0.675422 0.785737
vt 0.675448 0.785818
vt 0.658748 0.784648
vt 0.661267 0.787604
vt 0.664028 0.789764
vt 0.664038 0.789672
vt 0.672689 0.731910
vt 0.672706 0.731823
vt 0.675320 0.734600
vt 0.675295 0.734678
vt 0.659175 0.759804
vt 0.659290 0.762920
vt 0.655604 0.764323
vt 0.655375 0.759697
vt 0.674391 0.766171
vt 0.674847 0.763157
vt 0.678830 0.764774
vt 0.678186 0.769343
vt 0.662625 0.773047
vt 0.660442 0.779776
vt 0.662435 0.782127
vt 0.663999 0.774568
vt 0.662537 0.737820
vt 0.664062 0.744891
vt 0.662717 0.746378
vt 0.660514 0.740064
vt 0.661421 0.771045
vt 0.660432 0.768639
vt 0.660523 0.768516
vt 0.661499 0.770886
vt 0.660659 0.768335
vt 0.661615 0.770656
vt 0.659707 0.765905
vt 0.659807 0.765822
vt 0.673605 0.751287
vt 0.674337 0.754000
vt 0.674187 0.754128
vt 0.673470 0.751472
vt 0.672577 0.771230
vt 0.673553 0.768821
vt 0.673648 0.768950
vt 0.672658 0.771394
vt 0.659816 0.753656
vt 0.659353 0.756676
vt 0.674735 0.760032
vt 0.674897 0.760031
vt 0.674735 0.763113
vt 0.674577 0.763049
vt 0.667055 0.775353
vt 0.667054 0.775684
vt 0.665519 0.775304
vt 0.665552 0.774981
vt 0.671603 0.782463
vt 0.670097 0.774872
vt 0.671461 0.773402
vt 0.673701 0.780236
vt 0.656250 0.768802
vt 0.665495 0.775531
vt 0.667052 0.775916
vt 0.666977 0.784126
vt 0.664646 0.783580
vt 0.661536 0.748404
vt 0.658741 0.743037
vt 0.661615 0.748559
vt 0.660556 0.750864
vt 0.659284 0.759806
vt 0.659618 0.756785
vt 0.662688 0.772858
vt 0.664043 0.774355
vt 0.671398 0.773208
vt 0.659396 0.762879
vt 0.665588 0.744589
vt 0.665557 0.744264
vt 0.667073 0.744049
vt 0.667073 0.744378
vt 0.664167 0.745402
vt 0.664105 0.745095
vt 0.675547 0.777214
vt 0.674876 0.756907
vt 0.674440 0.753909
vt 0.678035 0.750695
vt 0.678742 0.755262
vt 0.675405 0.742834
vt 0.672695 0.748729
vt 0.671483 0.746708
vt 0.673607 0.739817
vt 0.673419 0.768636
vt 0.674136 0.765955
vt 0.674286 0.766082
vt 0.671331 0.747175
vt 0.670003 0.745690
vt 0.670065 0.745386
vt 0.671422 0.746901
vt 0.675010 0.760029
vt 0.674766 0.756954
vt 0.668606 0.775703
vt 0.668586 0.775475
vt 0.670054 0.774656
vt 0.659555 0.762816
vt 0.669993 0.774347
vt 0.668555 0.775148
vt 0.677067 0.773536
vt 0.670107 0.745173
vt 0.671568 0.737592
vt 0.672617 0.748894
vt 0.667073 0.743823
vt 0.665534 0.744045
vt 0.671309 0.772929
vt 0.669329 0.783757
vt 0.658716 0.776675
vt 0.655572 0.755093
vt 0.668617 0.744205
vt 0.669351 0.736299
vt 0.664745 0.736432
vt 0.667046 0.735919
vt 0.673697 0.751157
vt 0.662779 0.746561
vt 0.672464 0.770993
vt 0.664107 0.774053
vt 0.657303 0.772968
vt 0.663032 0.747308
vt 0.662868 0.746837
vt 0.674607 0.757020
vt 0.668596 0.744429
vt 0.662779 0.772586
vt 0.668564 0.744752
vt 0.679011 0.760018
vt 0.657283 0.746617
vt 0.656205 0.750677
vt 0.676902 0.746507
vt 0.669371 0.784227
vt 0.671691 0.782907
vt 0.671733 0.783117
vt 0.669392 0.784448
vt 0.661728 0.748793
vt 0.660315 0.780165
vt 0.660255 0.780345
vt 0.658484 0.777151
vt 0.658558 0.777000
vt 0.659957 0.765697
vt 0.671145 0.772457
vt 0.673949 0.754324
vt 0.673239 0.751802
vt 0.661007 0.751507
vt 0.659894 0.756877
vt 0.665633 0.745158
vt 0.668519 0.745313
vt 0.671165 0.747632
vt 0.674327 0.757109
vt 0.674299 0.762955
vt 0.662364 0.737016
vt 0.660268 0.739346
vt 0.662386 0.737120
vt 0.659835 0.762726
vt 0.660195 0.765502
vt 0.682047 0.759862
vt 0.681781 0.765859
vt 0.681648 0.765810
vt 0.681910 0.759869
vt 0.669685 0.772810
vt 0.668511 0.774579
vt 0.672388 0.786449
vt 0.672772 0.788404
vt 0.662946 0.772130
vt 0.666971 0.787575
vt 0.669591 0.786538
vt 0.672250 0.785748
vt 0.666966 0.729869
vt 0.669860 0.730411
vt 0.666997 0.731843
vt 0.660890 0.768006
vt 0.666975 0.788297
vt 0.677457 0.745728
vt 0.666973 0.785506
vt 0.664509 0.784911
vt 0.660068 0.780874
vt 0.662237 0.783062
vt 0.662172 0.783362
vt 0.675872 0.741861
vt 0.664091 0.730436
vt 0.666966 0.729860
vt 0.666964 0.729666
vt 0.664071 0.730245
vt 0.675637 0.742333
vt 0.677177 0.746109
vt 0.676024 0.778209
vt 0.662405 0.737212
vt 0.660326 0.739521
vt 0.656756 0.773691
vt 0.656894 0.773513
vt 0.675377 0.785591
vt 0.677663 0.781726
vt 0.677721 0.781849
vt 0.677634 0.738339
vt 0.679558 0.742892
vt 0.681001 0.748110
vt 0.680958 0.748147
vt 0.679616 0.777107
vt 0.679655 0.777161
vt 0.677754 0.781917
vt 0.669883 0.730157
vt 0.669874 0.730249
vt 0.656965 0.746202
vt 0.656875 0.746074
vt 0.658246 0.777600
vt 0.656743 0.745893
vt 0.654716 0.776315
vt 0.654677 0.776365
vt 0.653355 0.771176
vt 0.653397 0.771142
vt 0.656473 0.780979
vt 0.656506 0.780915
vt 0.681024 0.771719
vt 0.681068 0.771755
vt 0.655003 0.759693
vt 0.655242 0.764464
vt 0.655204 0.754944
vt 0.656993 0.773388
vt 0.664054 0.789509
vt 0.654784 0.776226
vt 0.656565 0.780802
vt 0.666965 0.729703
vt 0.666964 0.729610
vt 0.681829 0.753865
vt 0.681747 0.753901
vt 0.681874 0.753845
vt 0.658579 0.742725
vt 0.658503 0.742578
vt 0.660386 0.739695
vt 0.666971 0.784827
vt 0.673787 0.739231
vt 0.671691 0.736948
vt 0.671708 0.736858
vt 0.675715 0.777553
vt 0.675793 0.777712
vt 0.673892 0.780824
vt 0.673831 0.780635
vt 0.678967 0.755165
vt 0.678244 0.750507
vt 0.678343 0.750418
vt 0.679073 0.755117
vt 0.678389 0.750377
vt 0.673697 0.751157
vt 0.673605 0.751287
vt 0.674337 0.754000
vt 0.674440 0.753909
vt 0.679244 0.760015
vt 0.679061 0.764866
vt 0.655352 0.755002
vt 0.655995 0.750505
vt 0.655154 0.759692
vt 0.655389 0.764405
vt 0.655288 0.764444
vt 0.655051 0.759691
vt 0.657034 0.773335
vt 0.655953 0.769049
vt 0.655908 0.769086
vt 0.673730 0.739417
vt 0.675637 0.742333
vt 0.675563 0.742492
vt 0.669411 0.735626
vt 0.671652 0.737152
vt 0.669393 0.735840
vt 0.655250 0.754961
vt 0.655855 0.750390
vt 0.655898 0.750425
vt 0.654699 0.754749
vt 0.654484 0.759701
vt 0.655389 0.764405
vt 0.656048 0.768970
vt 0.655604 0.764323
vt 0.662448 0.737408
vt 0.659819 0.781602
vt 0.657934 0.778214
vt 0.657757 0.778554
vt 0.679353 0.760012
vt 0.677088 0.746236
vt 0.677177 0.746109
vt 0.671752 0.783215
vt 0.669402 0.784550
vt 0.657093 0.746370
vt 0.657005 0.746255
vt 0.677357 0.773927
vt 0.678508 0.769610
vt 0.678553 0.769647
vt 0.662301 0.782766
vt 0.662281 0.782855
vt 0.669351 0.736299
vt 0.669393 0.735840
vt 0.667044 0.735459
vt 0.677265 0.773802
vt 0.678406 0.769526
vt 0.664698 0.735989
vt 0.667044 0.735459
vt 0.678967 0.755165
vt 0.678742 0.755262
vt 0.679011 0.760018
vt 0.656537 0.745617
vt 0.656187 0.745138
vt 0.657801 0.741136
vt 0.658101 0.741753
vt 0.667042 0.735243
vt 0.679169 0.764907
vt 0.664675 0.735779
vt 0.664664 0.735682
vt 0.666973 0.784604
vt 0.662343 0.782564
vt 0.664596 0.784047
vt 0.673920 0.780912
vt 0.657120 0.773219
vt 0.653749 0.759718
vt 0.654306 0.764844
vt 0.654720 0.770060
vt 0.656923 0.746143
vt 0.655808 0.750351
vt 0.657583 0.740678
vt 0.654713 0.749435
vt 0.675433 0.785769
vt 0.677734 0.781876
vt 0.677666 0.781732
vt 0.675379 0.785599
vt 0.672305 0.733842
vt 0.672178 0.734480
vt 0.667009 0.732551
vt 0.680702 0.759946
vt 0.680085 0.754663
vt 0.679604 0.749318
vt 0.654951 0.759695
vt 0.655154 0.754926
vt 0.654818 0.759701
vt 0.664092 0.730445
vt 0.678441 0.750331
vt 0.677264 0.745990
vt 0.655017 0.769816
vt 0.656185 0.774439
vt 0.661778 0.785208
vt 0.661901 0.784630
vt 0.664367 0.786276
vt 0.676735 0.779711
vt 0.678202 0.775098
vt 0.679740 0.770638
vt 0.681880 0.765897
vt 0.681786 0.765861
vt 0.680952 0.771659
vt 0.681042 0.771734
vt 0.681057 0.759923
vt 0.680058 0.770906
vt 0.672062 0.735062
vt 0.669587 0.733623
vt 0.661879 0.734693
vt 0.657345 0.740171
vt 0.661740 0.734020
vt 0.662005 0.735301
vt 0.659763 0.737809
vt 0.658311 0.777475
vt 0.660119 0.780727
vt 0.660162 0.780607
vt 0.658365 0.777374
vt 0.676585 0.740411
vt 0.676980 0.780242
vt 0.672126 0.785113
vt 0.674460 0.782622
vt 0.654992 0.749670
vt 0.654286 0.754588
vt 0.664457 0.733758
vt 0.661643 0.785840
vt 0.679299 0.749582
vt 0.678032 0.744933
vt 0.654407 0.749177
vt 0.679449 0.770394
vt 0.680171 0.765279
vt 0.655380 0.749994
vt 0.660003 0.738541
vt 0.667028 0.734071
vt 0.669511 0.734480
vt 0.654727 0.764674
vt 0.655418 0.769488
vt 0.664550 0.734622
vt 0.667018 0.733193
vt 0.662176 0.736119
vt 0.680380 0.759965
vt 0.679742 0.765118
vt 0.679940 0.759983
vt 0.656548 0.773966
vt 0.671958 0.784260
vt 0.671903 0.783985
vt 0.669479 0.785355
vt 0.669506 0.785645
vt 0.662072 0.783832
vt 0.659926 0.781293
vt 0.659680 0.782004
vt 0.658068 0.777953
vt 0.679046 0.770057
vt 0.679652 0.754855
vt 0.677666 0.745436
vt 0.664456 0.785414
vt 0.666969 0.786024
vt 0.666968 0.786919
vt 0.671903 0.735870
vt 0.678890 0.749938
vt 0.669506 0.785645
vt 0.671958 0.784260
vt 0.674217 0.781853
vt 0.677840 0.774596
vt 0.676204 0.778580
vt 0.676102 0.778370
vt 0.674137 0.781606
vt 0.674217 0.781853
vt 0.676204 0.778580
vt 0.654060 0.759707
vt 0.658068 0.777953
vt 0.656548 0.773966
vt 0.656392 0.774171
vt 0.654727 0.764674
vt 0.654546 0.764746
vt 0.655246 0.769629
vt 0.655418 0.769488
vt 0.676512 0.779229
vt 0.658169 0.777754
vt 0.656666 0.773811
vt 0.679685 0.759989
vt 0.679313 0.755003
vt 0.679594 0.759992
vt 0.662309 0.736755
vt 0.664621 0.735299
vt 0.666974 0.785321
vt 0.664528 0.784732
vt 0.664509 0.784911
vt 0.666973 0.785506
vt 0.655026 0.754879
vt 0.655689 0.750252
vt 0.654940 0.754846
vt 0.664637 0.735448
vt 0.667035 0.734911
vt 0.667033 0.734761
vt 0.681954 0.765926
vt 0.682224 0.759857
vt 0.682149 0.759858
vt 0.653463 0.748381
vt 0.653397 0.748325
vt 0.652574 0.753943
vt 0.652644 0.753972
vt 0.669934 0.789970
vt 0.666985 0.790322
vt 0.666985 0.790519
vt 0.669953 0.790168
vt 0.681920 0.753825
vt 0.681847 0.753857
vt 0.664056 0.730098
vt 0.661284 0.731818
vt 0.661312 0.731955
vt 0.654700 0.776335
vt 0.656493 0.780941
vt 0.656562 0.780808
vt 0.654780 0.776231
vt 0.652355 0.759768
vt 0.652283 0.759768
vt 0.652528 0.765593
vt 0.652599 0.765565
vt 0.658803 0.734807
vt 0.658762 0.734683
vt 0.656440 0.781043
vt 0.658649 0.784934
vt 0.658691 0.784813
vt 0.661198 0.787926
vt 0.661227 0.787789
vt 0.658246 0.777600
vt 0.660068 0.780874
vt 0.677552 0.774202
vt 0.677627 0.774306
vt 0.678809 0.769860
vt 0.678726 0.769790
vt 0.655730 0.769232
vt 0.656831 0.773593
vt 0.669542 0.786030
vt 0.666968 0.786411
vt 0.666968 0.786919
vt 0.656816 0.745992
vt 0.656743 0.745893
vt 0.677381 0.745832
vt 0.677457 0.745728
vt 0.675872 0.741861
vt 0.675808 0.741991
vt 0.655056 0.764544
vt 0.664034 0.789709
vt 0.664018 0.789856
vt 0.666984 0.790671
vt 0.675345 0.734522
vt 0.672724 0.731737
vt 0.672696 0.731875
vt 0.675305 0.734647
vt 0.669967 0.790319
vt 0.676838 0.739913
vt 0.679941 0.749026
vt 0.669450 0.735159
vt 0.669465 0.734982
vt 0.671827 0.783597
vt 0.674026 0.781256
vt 0.675960 0.778074
vt 0.676024 0.778209
vt 0.673918 0.738837
vt 0.673967 0.738686
vt 0.671776 0.736512
vt 0.671727 0.736761
vt 0.669427 0.735426
vt 0.669419 0.735530
vt 0.662779 0.772586
vt 0.653380 0.771156
vt 0.653313 0.771210
vt 0.654639 0.776415
vt 0.669878 0.730212
vt 0.669861 0.730401
vt 0.672661 0.732053
vt 0.656561 0.738512
vt 0.654749 0.743120
vt 0.654809 0.743202
vt 0.656612 0.738616
vt 0.681111 0.771792
vt 0.667073 0.744378
vt 0.668564 0.744752
vt 0.667073 0.744048
vt 0.668617 0.744205
vt 0.667055 0.775353
vt 0.672658 0.771394
vt 0.672577 0.771230
vt 0.671398 0.773208
vt 0.671461 0.773402
vt 0.660523 0.768516
vt 0.659807 0.765822
vt 0.674897 0.760031
vt 0.674766 0.756954
vt 0.669993 0.774347
vt 0.668555 0.775148
vt 0.665534 0.744045
vt 0.664167 0.745402
vt 0.665588 0.744588
vt 0.675010 0.760029
vt 0.674876 0.756907
vt 0.659816 0.753656
vt 0.659353 0.756676
vt 0.674577 0.763049
vt 0.674735 0.763113
vt 0.662779 0.746561
vt 0.662868 0.746837
vt 0.673648 0.768950
vt 0.660782 0.751170
vt 0.660649 0.750987
vt 0.661728 0.748793
vt 0.664062 0.744891
vt 0.674187 0.754128
vt 0.674847 0.763157
vt 0.671422 0.746901
vt 0.671625 0.740537
vt 0.654275 0.740537
vt 0.660556 0.750864
vt 0.669891 0.730066
vt 0.666963 0.729517
vt 0.662717 0.746378
vt 0.673469 0.751472
vt 0.671483 0.746708
vt 0.672695 0.748729
vt 0.672464 0.770993
vt 0.673419 0.768636
vt 0.661536 0.748404
vt 0.679535 0.742924
vt 0.680975 0.748132
vt 0.681044 0.748073
vt 0.679596 0.742838
vt 0.670003 0.745690
vt 0.668511 0.774579
vt 0.663032 0.747308
vt 0.671145 0.772457
vt 0.659835 0.762726
vt 0.661265 0.787613
vt 0.658745 0.784656
vt 0.652453 0.759767
vt 0.652697 0.765526
vt 0.657527 0.778990
vt 0.658741 0.743037
vt 0.674327 0.757109
vt 0.658339 0.742234
vt 0.662208 0.783196
vt 0.669459 0.785132
vt 0.669442 0.784947
vt 0.678572 0.750217
vt 0.655189 0.764486
vt 0.655858 0.769127
vt 0.679402 0.764987
vt 0.679491 0.765021
vt 0.656678 0.738753
vt 0.658856 0.734969
vt 0.672839 0.788746
vt 0.672811 0.788602
vt 0.677667 0.738272
vt 0.677614 0.738379
vt 0.681751 0.753899
vt 0.682052 0.759862
vt 0.675474 0.785899
vt 0.677787 0.781986
vt 0.679694 0.777215
vt 0.679632 0.777129
vt 0.660193 0.739111
vt 0.656948 0.773445
vt 0.652692 0.765527
vt 0.652449 0.759767
vt 0.679548 0.777012
vt 0.680948 0.771655
vt 0.677546 0.738517
vt 0.679453 0.743034
vt 0.655250 0.754961
vt 0.655204 0.754944
vt 0.660315 0.780165
vt 0.658716 0.776675
vt 0.658558 0.777001
vt 0.671568 0.737592
vt 0.673607 0.739817
vt 0.673701 0.780236
vt 0.666977 0.784126
vt 0.664675 0.735779
vt 0.677088 0.746236
vt 0.673831 0.780635
vt 0.660386 0.739695
vt 0.662343 0.782564
vt 0.676902 0.746507
vt 0.677357 0.773927
vt 0.660255 0.780345
vt 0.660227 0.780423
vt 0.669412 0.735626
vt 0.669392 0.784448
vt 0.669371 0.784227
vt 0.677067 0.773536
vt 0.655572 0.755093
vt 0.678830 0.764774
vt 0.673787 0.739231
vt 0.679169 0.764907
vt 0.657005 0.746255
vt 0.664596 0.784047
vt 0.666973 0.784604
vt 0.657303 0.772968
vt 0.678508 0.769610
vt 0.667040 0.735145
vt 0.675827 0.777786
vt 0.662129 0.783566
vt 0.664486 0.785130
vt 0.679402 0.760008
vt 0.654520 0.754678
vt 0.654301 0.759702
vt 0.654484 0.759701
vt 0.656385 0.745410
vt 0.655211 0.749854
vt 0.655380 0.749994
vt 0.656537 0.745617
vt 0.669545 0.734108
vt 0.667029 0.734358
vt 0.669485 0.734763
vt 0.669511 0.734480
vt 0.679600 0.765063
vt 0.679796 0.759986
vt 0.666969 0.786024
vt 0.666972 0.785732
vt 0.664455 0.785414
vt 0.660006 0.781056
vt 0.658200 0.741953
vt 0.660082 0.738777
vt 0.660003 0.738541
vt 0.658101 0.741753
vt 0.662176 0.736119
vt 0.662231 0.736382
vt 0.664579 0.734903
vt 0.662072 0.783832
vt 0.676512 0.779229
vt 0.674322 0.782184
vt 0.672125 0.785113
vt 0.676338 0.778859
vt 0.679839 0.754773
vt 0.679066 0.749785
vt 0.678890 0.749938
vt 0.659899 0.738227
vt 0.678758 0.750054
vt 0.679511 0.754916
vt 0.655547 0.769382
vt 0.677840 0.774596
vt 0.677720 0.774432
vt 0.659926 0.781293
vt 0.678912 0.769945
vt 0.667024 0.733691
vt 0.679449 0.770394
vt 0.679222 0.770203
vt 0.677998 0.774813
vt 0.671903 0.735870
vt 0.671972 0.735518
vt 0.664510 0.734250
vt 0.662102 0.735767
vt 0.661997 0.784179
vt 0.664417 0.785788
vt 0.679940 0.759983
vt 0.654835 0.754804
vt 0.654623 0.759702
vt 0.671850 0.736138
vt 0.677548 0.745601
vt 0.677666 0.745436
vt 0.657970 0.741488
vt 0.674104 0.738256
vt 0.674027 0.738498
vt 0.656653 0.745773
vt 0.655509 0.750102
vt 0.675949 0.741701
vt 0.676048 0.741493
vt 0.654863 0.764620
vt 0.656185 0.774439
vt 0.679928 0.765189
vt 0.672030 0.784627
vt 0.680130 0.759977
vt 0.679299 0.749582
vt 0.674207 0.737938
vt 0.677823 0.745218
vt 0.676181 0.741220
vt 0.666984 0.790633
vt 0.669963 0.790281
vt 0.669966 0.790310
vt 0.666984 0.790662
vt 0.654654 0.776395
vt 0.656454 0.781018
vt 0.672838 0.788737
vt 0.672832 0.788710
vt 0.675464 0.785867
vt 0.675471 0.785891
vt 0.681027 0.748088
vt 0.679581 0.742860
vt 0.656444 0.781037
vt 0.658660 0.784904
vt 0.658652 0.784927
vt 0.669890 0.730075
vt 0.672722 0.731746
vt 0.672717 0.731771
vt 0.669888 0.730103
vt 0.652301 0.759768
vt 0.652592 0.753950
vt 0.677663 0.738279
vt 0.675343 0.734530
vt 0.652283 0.759768
vt 0.681949 0.765924
vt 0.681954 0.765926
vt 0.681111 0.771792
vt 0.681106 0.771788
vt 0.681916 0.753827
vt 0.681920 0.753826
vt 0.682219 0.759857
vt 0.653313 0.771210
vt 0.653317 0.771207
vt 0.654643 0.776410
vt 0.669967 0.790319
vt 0.666984 0.790671
vt 0.652546 0.765586
vt 0.652533 0.765591
vt 0.652288 0.759768
vt 0.653329 0.771197
vt 0.681093 0.771777
vt 0.681936 0.765918
vt 0.681044 0.748073
vt 0.681040 0.748076
vt 0.679592 0.742844
vt 0.661205 0.787892
vt 0.656564 0.738518
vt 0.654753 0.743125
vt 0.654749 0.743120
vt 0.661199 0.787917
vt 0.658649 0.784934
vt 0.656440 0.781043
vt 0.661286 0.731826
vt 0.664057 0.730107
vt 0.682205 0.759857
vt 0.681902 0.753833
vt 0.658772 0.734714
vt 0.656573 0.738538
vt 0.677774 0.781959
vt 0.677783 0.781979
vt 0.661291 0.731852
vt 0.664060 0.730135
vt 0.666964 0.729526
vt 0.666964 0.729554
vt 0.652578 0.753945
vt 0.653401 0.748329
vt 0.653414 0.748339
vt 0.679678 0.777193
vt 0.679690 0.777209
vt 0.679694 0.777214
vt 0.654764 0.743141
vt 0.658765 0.734691
vt 0.677654 0.738299
vt 0.653397 0.748325
vt 0.675335 0.734553
vt 0.672839 0.788746
vt 0.664022 0.789819
vt 0.664019 0.789847
vt 0.666963 0.729517
vt 0.654890 0.743313
vt 0.678501 0.750279
vt 0.679176 0.755067
vt 0.679217 0.764923
vt 0.680881 0.748214
vt 0.678032 0.744933
vt 0.676356 0.740865
vt 0.679552 0.777017
vt 0.653553 0.748456
vt 0.669896 0.773861
vt 0.666972 0.785039
vt 0.669413 0.784663
vt 0.675250 0.734815
vt 0.672659 0.732062
vt 0.671773 0.783324
vt 0.654109 0.748925
vt 0.658410 0.777289
vt 0.656894 0.773513
vt 0.654068 0.770593
vt 0.654390 0.770330
vt 0.657273 0.779468
vt 0.657025 0.779934
vt 0.660197 0.780508
vt 0.662261 0.782950
vt 0.667037 0.735036
vt 0.680824 0.771551
vt 0.653473 0.771080
vt 0.653073 0.759745
vt 0.681611 0.753962
vt 0.652740 0.754009
vt 0.680752 0.748326
vt 0.661352 0.732145
vt 0.675252 0.734808
vt 0.664664 0.735682
vt 0.666973 0.785168
vt 0.652735 0.754008
vt 0.653549 0.748453
vt 0.664554 0.784465
vt 0.653468 0.771083
vt 0.662237 0.783062
vt 0.664652 0.735573
vt 0.677318 0.745918
vt 0.675755 0.742097
vt 0.677441 0.774045
vt 0.675865 0.777868
vt 0.675908 0.777962
vt 0.679330 0.764961
vt 0.658433 0.742431
vt 0.658390 0.742341
vt 0.673984 0.781122
vt 0.655128 0.764513
vt 0.678602 0.769687
vt 0.673950 0.781010
vt 0.679456 0.760002
vt 0.654886 0.743308
vt 0.653407 0.759731
vt 0.679269 0.764941
vt 0.664053 0.789519
vt 0.680885 0.748211
vt 0.665633 0.745158
vt 0.681057 0.759924
vt 0.672774 0.788413
vt 0.653996 0.764975
vt 0.661350 0.732136
vt 0.677398 0.773983
vt 0.312515 0.078945
vt 0.312515 0.961127
vt 0.250020 0.961127
vt 0.250020 0.078945
vt 0.437505 0.961127
vt 0.437505 0.078945
vt 0.500000 0.078945
vt 0.500000 0.961127
vt 0.125030 0.961127
vt 0.062535 0.961127
vt 0.062535 0.078945
vt 0.125030 0.078945
vt 0.874970 0.078945
vt 0.937465 0.078944
vt 0.937465 0.961127
vt 0.874970 0.961127
vt 0.812475 0.961127
vt 0.812475 0.078945
vt 0.187525 0.961127
vt 0.187525 0.078945
vt 0.999960 0.961127
vt 0.999960 0.078944
vt 0.749980 0.078945
vt 0.749980 0.961127
vt 0.375010 0.078945
vt 0.375010 0.961127
vt 0.624990 0.961127
vt 0.562495 0.961127
vt 0.562495 0.078945
vt 0.624990 0.078945
vt 0.000040 0.078945
vt 0.000040 0.961127
vt 0.687485 0.078945
vt 0.687485 0.961127
s 1
usemtl labelandcap
f 801/2/778 817/3/779 806/4/779 790/5/778
f 791/6/780 808/7/781 814/8/781 796/9/780
f 802/10/782 816/11/782 799/12/783 786/13/783
f 811/14/784 803/15/784 793/16/785 794/17/785
f 803/15/784 811/14/784 797/18/786 788/19/786
f 806/4/779 817/3/779 800/20/787 789/21/787
f 809/22/788 810/23/788 794/17/785 793/16/785
f 1267/24/789 1258/25/790 1248/26/791 1264/27/792
f 812/28/793 807/29/793 788/19/786 797/18/786
f 815/30/794 801/2/778 790/5/778 805/31/794
f 816/11/782 802/10/782 789/21/787 800/20/787
f 804/32/795 813/33/795 798/34/796 787/35/796
f 814/8/781 808/7/781 787/35/796 798/34/796
f 810/36/788 809/37/788 786/13/783 799/12/783
f 796/9/780 815/30/794 805/31/794 791/6/780
f 1670/38/798 1669/39/799 883/40/800 882/41/801
f 1245/42/802 1246/43/803 1244/44/804
f 1739/45/805 992/46/805 1595/47/805 1996/48/805
f 1599/49/806 1994/50/806 1725/51/806 1001/52/806
f 1002/53/807 1000/54/807 1724/55/807 1723/56/807
f 979/57/808 1741/58/808 1740/59/808 981/60/808
f 1664/61/809 1665/62/810 992/46/811 991/63/812
f 1571/64/813 1570/65/813 867/66/813 862/67/813
f 1561/68/814 1975/69/814 1582/70/814 990/71/814
f 995/72/815 998/73/815 1558/74/815 1559/75/815
f 998/73/816 1645/76/816 1969/77/816 1558/74/816
f 1005/78/817 1003/79/817 1004/80/817 1008/81/817
f 986/82/818 989/83/818 1563/84/818 1562/85/818
f 860/86/819 1549/87/819 1970/88/819 1577/89/819
f 1840/90/820 1839/91/820 1359/92/820 1363/93/820
f 1562/85/821 1561/68/821 990/71/821 986/82/821
f 1585/94/822 1972/95/822 1567/96/822 880/97/822
f 1875/62/823 1874/98/823 1299/99/823 1303/100/823
f 1574/101/824 1997/102/824 1729/103/824 874/104/824
f 1574/101/825 854/105/825 1732/106/825 1997/102/825
f 1578/107/826 1999/108/826 1742/109/826 980/110/826
f 991/63/812 993/111/827 1663/112/828 1664/61/809
f 1107/113/829 1683/114/830 1682/115/831 1105/116/832
f 873/117/833 875/118/834 1626/90/835 1625/91/836
f 870/119/837 1673/120/838 1674/121/839 871/122/840
f 957/123/841 1649/124/842 1630/125/843 896/126/844
f 1599/49/845 984/127/845 1726/128/845 1994/50/845
f 872/129/846 870/119/846 1747/130/846 1746/131/846
f 1579/132/847 981/60/847 1740/59/847 1992/133/847
f 1995/134/848 1573/135/848 872/129/848 1746/131/848
f 982/136/849 984/127/850 1619/137/851 1620/138/852
f 859/139/853 1551/140/853 1550/141/853 856/142/853
f 1243/143/854 1861/124/855 1844/125/856 1229/144/857
f 998/73/858 995/72/858 994/145/858 997/146/858
f 1226/147/859 1228/148/860 1242/149/861 1241/150/862
f 889/151/863 1577/89/863 1970/88/863 1566/152/863
f 1628/153/864 1629/154/865 853/155/866 852/156/867
f 1734/157/868 853/155/868 1573/135/868 1995/134/868
f 1727/158/869 1726/128/869 984/127/869 982/136/869
f 1584/159/870 1998/160/870 1748/161/870 871/122/870
f 1000/54/871 1002/53/872 1614/162/873 1615/163/874
f 870/119/837 872/129/875 1672/164/876 1673/120/838
f 857/165/877 855/166/877 856/142/877 860/86/877
f 856/142/878 1550/141/878 1549/87/878 860/86/878
f 1014/167/879 1552/168/879 1969/77/879 1645/76/879
f 880/97/880 879/169/880 1586/170/880 1585/94/880
f 1559/75/881 1560/171/881 999/172/881 995/72/881
f 1601/173/882 1973/174/882 1557/175/882 1007/176/882
f 927/177/883 930/178/883 1077/179/883 1072/180/883
f 1639/181/884 898/182/884 1031/183/884 1598/184/884
f 1219/185/885 1383/186/885 1870/187/885 1832/188/885
f 1594/189/886 1634/190/886 892/191/886 1022/192/886
f 921/193/887 922/194/887 925/195/887 923/196/887
f 923/196/888 925/195/889 942/197/890 941/198/891
f 922/194/892 1633/199/892 1632/200/892 925/195/892
f 937/201/893 1622/202/894 1589/203/895 953/204/896
f 917/205/897 920/206/897 918/207/897 915/208/897
f 1631/209/898 1630/125/898 931/144/898 928/210/898
f 959/211/899 899/212/900 901/213/901 963/214/902
f 971/215/903 911/216/904 913/217/905 972/218/906
f 1613/219/907 1643/220/907 916/221/907 1058/222/907
f 930/178/908 1633/199/908 1608/223/908 1077/179/908
f 910/224/909 909/225/909 1044/226/909 1048/227/909
f 1022/192/910 892/191/910 891/228/910 1018/229/910
f 893/230/911 896/126/911 894/231/911 891/228/911
f 944/150/912 929/232/913 931/144/914 948/233/915
f 926/234/916 1617/235/916 1618/188/916 924/185/916
f 915/208/917 916/221/917 919/236/917 917/205/917
f 927/177/918 929/232/918 932/237/918 930/178/918
f 967/238/919 908/239/920 905/240/921 964/241/922
f 1591/242/923 1635/243/924 908/239/920 967/238/919
f 1058/222/925 916/221/925 915/208/925 1054/244/925
f 900/245/926 1623/246/926 1657/247/926 1032/248/926
f 1081/249/927 933/250/927 936/251/927 1086/252/927
f 1067/186/928 924/185/928 1618/188/928 1660/187/928
f 928/210/929 931/144/929 929/232/929 927/177/929
f 977/253/930 1650/254/931 1640/255/932 920/206/933
f 920/206/934 1640/255/934 1639/181/934 918/207/934
f 952/256/935 1588/257/936 1642/258/937 938/259/938
f 897/260/939 899/212/939 902/261/939 900/245/939
f 912/262/940 914/263/940 1644/264/940 1643/220/940
f 947/265/941 932/237/942 929/232/913 944/150/912
f 1651/266/943 1644/264/944 914/263/945 973/267/946
f 1054/244/947 915/208/947 918/207/947 1059/268/947
f 1086/252/948 936/251/948 1641/269/948 1604/270/948
f 935/271/949 938/259/949 936/251/949 933/250/949
f 935/271/950 937/201/893 953/204/896 949/42/951
f 938/259/952 1642/258/952 1641/269/952 936/251/952
f 948/233/915 931/144/914 1630/125/843 1649/124/842
f 903/272/953 905/240/953 908/239/953 906/273/953
f 930/178/954 932/237/954 1632/200/954 1633/199/954
f 919/236/955 1644/264/944 1651/266/943 978/274/956
f 909/225/957 912/262/957 1049/275/957 1044/226/957
f 1062/276/958 921/193/958 924/185/958 1067/186/958
f 928/210/959 927/177/959 1072/180/959 1076/277/959
f 1641/269/960 904/278/960 1040/279/960 1604/270/960
f 903/272/961 906/273/961 1041/280/961 1036/281/961
f 906/273/962 1634/190/962 1594/189/962 1041/280/962
f 933/250/963 934/282/963 937/201/963 935/271/963
f 892/191/964 1634/190/964 1635/243/964 895/283/964
f 910/224/965 913/217/965 911/216/965 909/225/965
f 896/126/966 1630/125/966 1631/209/966 894/231/966
f 974/284/967 977/253/930 920/206/933 917/205/968
f 972/218/906 913/217/905 1617/235/969 1587/285/970
f 1066/286/971 922/194/971 921/193/971 1062/276/971
f 955/287/972 958/288/973 1591/242/923
f 923/196/974 926/234/974 924/185/974 921/193/974
f 906/273/975 908/239/975 1635/243/975 1634/190/975
f 1589/203/895 1622/202/894 902/261/976 962/289/977
f 898/182/978 901/213/978 899/212/978 897/260/978
f 1641/269/979 1642/258/979 907/290/979 904/278/979
f 941/198/891 943/291/980 926/234/981 923/196/888
f 968/292/982 907/290/983 1642/258/937 1588/257/936
f 898/182/984 897/260/984 1027/293/984 1031/183/984
f 1023/294/985 894/231/985 1631/209/985 1654/295/985
f 897/260/986 900/245/986 1032/248/986 1027/293/986
f 934/282/987 1085/296/987 1657/247/987 1623/246/987
f 1018/229/988 891/228/988 894/231/988 1023/294/988
f 1045/297/989 1612/298/989 1611/299/989 1050/300/989
f 954/301/990 957/123/841 896/126/844 893/230/991
f 1063/302/992 1068/303/992 1064/304/992 1060/305/992
f 943/291/980 1587/285/970 1617/235/969 926/234/981
f 909/225/993 911/216/993 914/263/993 912/262/993
f 900/245/994 902/261/994 1622/202/994 1623/246/994
f 893/230/991 895/283/995 958/288/973 954/301/990
f 904/278/996 903/272/996 1036/281/996 1040/279/996
f 1631/209/997 928/210/997 1076/277/997 1654/295/997
f 1085/296/998 934/282/998 933/250/998 1081/249/998
f 912/262/999 1643/220/999 1613/219/999 1049/275/999
f 891/228/1000 892/191/1000 895/283/1000 893/230/1000
f 917/205/968 919/236/955 978/274/956 974/284/967
f 916/221/1001 1643/220/1001 1644/264/1001 919/236/1001
f 1648/306/1002 1632/200/1003 932/237/942 947/265/941
f 904/278/1004 907/290/1004 905/240/1004 903/272/1004
f 1639/181/1005 1640/255/1005 901/213/1005 898/182/1005
f 949/42/951 952/256/935 938/259/938 935/271/950
f 963/214/902 901/213/901 1640/255/932 1650/254/931
f 976/24/1006 974/284/967 975/307/1007
f 953/204/896 1589/203/895 1590/308/1008 950/309/1009
f 956/310/1010 954/301/990 955/287/972
f 945/311/1011 948/233/915 1649/124/842
f 966/312/1012 964/241/922 965/313/1013
f 1588/257/936 952/256/935 951/314/1014
f 961/315/1015 959/211/899 960/316/1016
f 1812/317/1017 1285/318/1017 1833/137/1017 2008/319/1017
f 947/265/941 946/320/1018 1647/321/1019 1648/306/1002
f 861/322/1020 863/323/1021 868/324/1022 864/325/1023
f 1653/326/1024 956/310/1010 965/313/1013
f 970/327/1025 973/267/946 971/215/903
f 962/289/977 961/315/1015 1590/308/1008 1589/203/895
f 1715/328/1026 1646/329/1027 997/146/1028
f 946/320/1018 944/150/912 945/311/1011
f 1587/285/970 943/291/980 940/330/1029
f 960/316/1016 976/24/1006 1653/326/1024
f 1102/331/1030 1684/332/1031 1716/333/1032
f 940/330/1029 943/291/980 941/198/891
f 885/334/1033 887/335/1034 1099/336/1035
f 951/314/1014 949/42/951 950/309/1009
f 940/330/1029 939/337/1036 1653/326/1024
f 1102/331/1030 1716/333/1032 1715/328/1026 1101/338/1037
f 1737/339/1038 1998/160/1038 1584/159/1038 993/111/1038
f 875/118/1039 873/117/1039 1730/340/1039 1731/341/1039
f 1743/342/1040 883/40/1040 1575/343/1040 1993/344/1040
f 1723/56/1041 1996/48/1041 1595/47/1041 1002/53/1041
f 1738/345/1042 1737/339/1042 993/111/1042 991/63/1042
f 1183/346/1043 1182/347/1043 1185/348/1043 1186/349/1043
f 1873/112/1044 1874/98/1044 1398/350/1044 1402/351/1044
f 854/105/1045 852/156/1045 1733/352/1045 1732/106/1045
f 1803/353/1046 2008/319/1046 1833/137/1046 1339/354/1046
f 1745/355/1047 1999/108/1047 1578/107/1047 884/356/1047
f 1011/357/1048 1009/358/1048 1010/359/1048 1014/167/1048
f 1004/80/1049 1556/360/1049 1555/361/1049 1008/81/1049
f 1008/81/1050 1555/361/1050 1968/362/1050 1605/363/1050
f 1013/364/1051 1554/365/1051 1553/366/1051 1010/359/1051
f 1564/367/1052 1973/174/1052 1601/173/1052 890/368/1052
f 1620/138/852 1621/369/1053 983/370/1054 982/136/849
f 991/63/1055 992/46/1055 1739/45/1055 1738/345/1055
f 1743/342/1056 1744/371/1056 882/41/1056 883/40/1056
f 1728/372/1057 983/370/1057 1579/132/1057 1992/133/1057
f 884/356/1058 882/41/1058 1744/371/1058 1745/355/1058
f 1010/359/1059 1553/366/1059 1552/168/1059 1014/167/1059
f 881/373/1060 1569/374/1060 1971/375/1060 1581/376/1060
f 880/97/1061 1567/96/1061 1568/377/1061 877/378/1061
f 1638/379/1062 1974/380/1062 1554/365/1062 1013/364/1062
f 979/57/1063 1667/381/1064 1668/382/1065 980/110/1066
f 1666/383/1067 1667/381/1064 979/57/1063 981/60/1068
f 1575/343/1069 875/118/1069 1731/341/1069 1993/344/1069
f 884/356/1070 1671/384/1071 1670/38/798 882/41/801
f 1586/170/1072 996/385/1072 999/172/1072 1585/94/1072
f 1560/171/1073 1972/95/1073 1585/94/1073 999/172/1073
f 878/386/1074 876/387/1074 877/378/1074 881/373/1074
f 877/378/1075 1568/377/1075 1569/374/1075 881/373/1075
f 886/388/1076 889/151/1076 1566/152/1076 1565/389/1076
f 1007/176/1077 1557/175/1077 1556/360/1077 1004/80/1077
f 1570/65/1078 1974/380/1078 1638/379/1078 867/66/1078
f 866/390/1079 862/67/1079 861/322/1079 865/391/1079
f 862/67/1080 866/390/1080 1572/392/1080 1571/64/1080
f 989/83/1081 1581/376/1081 1971/375/1081 1563/84/1081
f 1015/393/1082 1016/394/1082 1021/354/1082 1017/395/1082
f 1046/396/1083 1625/91/1083 1626/90/1083 1047/93/1083
f 934/282/1084 1623/246/1084 1622/202/1084 937/201/1084
f 1083/397/1085 1602/398/1085 1979/399/1085 1665/62/1085
f 1051/400/1086 1052/401/1086 1057/402/1086 1053/403/1086
f 1028/404/1087 1658/405/1087 1659/406/1087 1029/407/1087
f 1659/406/1088 1977/408/1088 1674/121/1088 1029/407/1088
f 1233/409/1089 1235/410/1089 1836/411/1089 1837/412/1089
f 1612/298/1090 1613/219/1090 1058/222/1090 1053/403/1090
f 1024/413/1091 1026/414/1091 1031/183/1091 1027/293/1091
f 1071/415/1092 1655/416/1092 1654/295/1092 1076/277/1092
f 1069/417/1093 1073/418/1093 1074/419/1093 1070/420/1093
f 1670/38/1094 1671/384/1094 1065/421/1094 1064/304/1094
f 1053/403/1095 1057/402/1095 1611/299/1095 1612/298/1095
f 1610/422/1096 1981/423/1096 1668/382/1096 1074/419/1096
f 1082/424/1097 1083/397/1097 1079/425/1097 1078/426/1097
f 1039/427/1098 1602/398/1098 1603/428/1098 1035/429/1098
f 1075/430/1099 1666/383/1099 1982/431/1099 1656/432/1099
f 1109/433/1100 1740/59/1101 1741/58/1102 1108/434/1103
f 1069/417/1104 1071/415/1104 1076/277/1104 1072/180/1104
f 1386/435/1105 1823/436/1105 1822/223/1105 1391/437/1105
f 1053/403/1106 1058/222/1106 1054/244/1106 1051/400/1106
f 1593/438/1107 1594/189/1107 1022/192/1107 1017/395/1107
f 1429/439/1108 1424/440/1109 1893/441/1110
f 1024/413/1111 1028/404/1111 1029/407/1111 1025/442/1111
f 1074/419/1112 1668/382/1112 1667/381/1112 1070/420/1112
f 1080/443/1113 1084/444/1113 1659/406/1113 1658/405/1113
f 1611/299/1114 1980/445/1114 1624/446/1114 1050/300/1114
f 1019/447/1115 1020/448/1115 1016/394/1115 1015/393/1115
f 1603/428/1116 1602/398/1116 1083/397/1116 1082/424/1116
f 1064/304/1117 1068/303/1117 1669/39/1117 1670/38/1117
f 1056/449/1118 1596/450/1118 1978/451/1118 1629/154/1118
f 1060/305/1119 1062/276/1119 1067/186/1119 1063/302/1119
f 1019/447/1120 1023/294/1120 1654/295/1120 1655/416/1120
f 1017/395/1121 1022/192/1121 1018/229/1121 1015/393/1121
f 1658/405/1122 1657/247/1122 1085/296/1122 1080/443/1122
f 1070/420/1123 1075/430/1123 1071/415/1123 1069/417/1123
f 1075/430/1124 1656/432/1124 1655/416/1124 1071/415/1124
f 1079/425/1125 1083/397/1125 1665/62/1125 1664/61/1125
f 1068/303/1126 1662/452/1126 1983/453/1126 1669/39/1126
f 1351/281/1127 1356/454/1127 1352/455/1127 1349/456/1127
f 1055/457/1128 1059/268/1128 1598/184/1128 1597/458/1128
f 1036/281/1129 1041/280/1129 1037/459/1129 1033/460/1129
f 1340/413/1130 1341/461/1130 1346/462/1130 1342/463/1130
f 1128/464/1131 1677/465/1132 1676/466/1133 1126/467/1134
f 1620/138/1135 1619/137/1135 1021/354/1135 1016/394/1135
f 1073/418/1136 1609/436/1136 1610/422/1136 1074/419/1136
f 1034/468/1137 1039/427/1137 1035/429/1137 1033/460/1137
f 1030/469/1138 1596/450/1138 1597/458/1138 1026/414/1138
f 1030/469/1139 1672/164/1139 1978/451/1139 1596/450/1139
f 1033/460/1140 1037/459/1140 1038/470/1140 1034/468/1140
f 1618/188/1141 1617/235/1141 913/217/1141 910/224/1141
f 1664/61/1142 1663/112/1142 1084/444/1142 1079/425/1142
f 1592/353/1143 1976/319/1143 1616/471/1143 1038/470/1143
f 1044/226/1144 1049/275/1144 1045/297/1144 1042/472/1144
f 1041/280/1145 1594/189/1145 1593/438/1145 1037/459/1145
f 1015/393/1146 1018/229/1146 1023/294/1146 1019/447/1146
f 1026/414/1147 1597/458/1147 1598/184/1147 1031/183/1147
f 1042/472/1148 1045/297/1148 1050/300/1148 1046/396/1148
f 1017/395/1149 1021/354/1149 1592/353/1149 1593/438/1149
f 1038/470/1150 1616/471/1150 1615/163/1150 1034/468/1150
f 1619/137/1151 1976/319/1151 1592/353/1151 1021/354/1151
f 1027/293/1152 1032/248/1152 1028/404/1152 1024/413/1152
f 1077/179/1153 1608/223/1153 1609/436/1153 1073/418/1153
f 1078/426/1154 1081/249/1154 1086/252/1154 1082/424/1154
f 1035/429/1155 1603/428/1155 1604/270/1155 1040/279/1155
f 1025/442/1156 1030/469/1156 1026/414/1156 1024/413/1156
f 1025/442/1157 1673/120/1157 1672/164/1157 1030/469/1157
f 1047/93/1158 1662/452/1158 1661/473/1158 1043/474/1158
f 1039/427/1159 1614/162/1159 1979/399/1159 1602/398/1159
f 1078/426/1160 1079/425/1160 1084/444/1160 1080/443/1160
f 1628/153/1161 1627/475/1161 1057/402/1161 1052/401/1161
f 1037/459/1162 1593/438/1162 1592/353/1162 1038/470/1162
f 1663/112/1163 1977/408/1163 1659/406/1163 1084/444/1163
f 1055/457/1164 1056/449/1164 1052/401/1164 1051/400/1164
f 1655/416/1165 1656/432/1165 1020/448/1165 1019/447/1165
f 1034/468/1166 1615/163/1166 1614/162/1166 1039/427/1166
f 1020/448/1167 1656/432/1167 1982/431/1167 1621/369/1167
f 1033/460/1168 1035/429/1168 1040/279/1168 1036/281/1168
f 1082/424/1169 1086/252/1169 1604/270/1169 1603/428/1169
f 1080/443/1170 1085/296/1170 1081/249/1170 1078/426/1170
f 1049/275/1171 1613/219/1171 1612/298/1171 1045/297/1171
f 1046/396/1172 1047/93/1172 1043/474/1172 1042/472/1172
f 1052/401/1173 1056/449/1173 1629/154/1173 1628/153/1173
f 1661/473/1174 1662/452/1174 1068/303/1174 1063/302/1174
f 1047/93/1175 1626/90/1175 1983/453/1175 1662/452/1175
f 1060/305/1176 1064/304/1176 1065/421/1176 1061/476/1176
f 1061/476/1177 1065/421/1177 1610/422/1177 1609/436/1177
f 1050/300/1178 1624/446/1178 1625/91/1178 1046/396/1178
f 1627/475/1179 1980/445/1179 1611/299/1179 1057/402/1179
f 1061/476/1180 1066/286/1180 1062/276/1180 1060/305/1180
f 1609/436/1181 1608/223/1181 1066/286/1181 1061/476/1181
f 1072/180/1182 1077/179/1182 1073/418/1182 1069/417/1182
f 1043/474/1183 1661/473/1183 1660/187/1183 1048/227/1183
f 1092/477/1184 1689/478/1185 1699/479/1186
f 1835/369/1187 1288/480/1187 1787/481/1187 2014/431/1187
f 1096/482/1188 1677/465/1132 1706/483/1189
f 1330/484/1190 1328/485/1190 1325/486/1190 1327/487/1190
f 1099/336/1035 1708/488/1191 1707/489/1192 1100/490/1193
f 1098/491/1194 1698/492/1195 1710/493/1196
f 1275/494/1197 1276/495/1198 1272/60/1198 1273/496/1199
f 889/151/1200 886/388/1200 885/334/1200 888/497/1200
f 1796/498/1201 1300/499/1201 1873/112/1201 2009/408/1201
f 1699/479/1186 1991/500/1202 1695/501/1203
f 1703/502/1204 1990/503/1205 1686/504/1206
f 1104/505/1207 1680/506/1208 1714/507/1209
f 1149/508/1210 1146/509/1210 1850/510/1210 1851/511/1210
f 1097/512/1211 1713/513/1212 1714/507/1209 1098/491/1194
f 1707/489/1192 1989/514/1213 1690/515/1214
f 1712/516/1215 1096/482/1188 1095/517/1216 1711/518/1217
f 1712/516/1215 1984/519/1218 1675/520/1219
f 1175/521/1220 1180/522/1220 1176/523/1220 1173/524/1220
f 1094/525/1221 1683/114/830 1707/489/1192
f 1716/333/1032 1104/505/1207 1103/526/1222 1715/328/1026
f 1716/333/1032 1986/527/1223 1678/528/1224
f 1706/483/1189 1985/529/1225 1687/530/1226
f 1100/490/1193 1692/531/1227 1712/516/1215
f 1703/502/1204 1102/331/1030 1101/338/1037 1702/532/1228
f 1710/493/1196 1988/533/1229 1681/534/1230
f 1705/535/1231 1095/517/1216 1096/482/1188 1706/483/1189
f 1714/507/1209 1987/536/1232 1696/537/1233
f 1070/420/1234 1667/381/1234 1666/383/1234 1075/430/1234
f 1687/530/1226 1985/529/1225 1717/538/1235 1109/433/1100
f 1126/467/1134 1676/466/1133 1675/520/1219 1127/539/1236
f 1120/540/1237 1121/541/1238 1723/56/1239 1724/55/1240
f 1110/542/1241 1736/543/1242 1991/500/1202 1689/478/1185
f 1120/540/1237 1122/544/1243 1692/531/1227 1691/545/1244
f 1984/519/1218 1692/531/1227 1122/544/1243 1719/546/1245
f 1697/547/1246 1696/537/1233 1124/548/1247 1123/549/1248
f 1719/546/1245 1994/50/1249 1726/128/1250 1127/539/1236
f 1999/108/1251 1745/355/1252 1112/550/1253 1736/543/1242
f 1126/467/1134 1727/158/1254 1728/372/1255 1128/464/1131
f 1912/551/1256 1913/552/1257 1448/553/1258 1443/554/1259
f 1743/342/1260 1993/344/1261 1718/555/1262 1113/556/1263
f 1113/556/1263 1693/557/1264 1694/441/1265 1111/558/1266
f 1124/548/1247 1720/559/1267 1995/134/1268 1746/131/1269
f 1125/560/1270 1123/549/1248 1747/130/1271 1748/161/1272
f 1127/539/1236 1675/520/1219 1984/519/1218 1719/546/1245
f 1112/550/1253 1695/501/1203 1991/500/1202 1736/543/1242
f 1691/545/1244 1690/515/1214 1121/541/1238 1120/540/1237
f 1112/550/1253 1745/355/1252 1744/371/1273 1111/558/1266
f 1717/538/1235 1985/529/1225 1677/465/1132 1128/464/1131
f 1105/116/832 1682/115/831 1681/534/1230 1106/561/1274
f 1718/555/1262 1118/562/1275 1686/504/1206 1990/503/1205
f 1118/562/1275 1731/341/1276 1730/340/1277 1117/563/1278
f 1728/372/1255 1992/133/1279 1717/538/1235 1128/464/1131
f 1118/562/1275 1117/563/1278 1685/564/1280 1686/504/1206
f 1107/113/829 1739/45/1281 1996/48/1282 1721/565/1283
f 1125/560/1270 1698/492/1195 1697/547/1246 1123/549/1248
f 1122/544/1243 1725/51/1284 1994/50/1249 1719/546/1245
f 1125/560/1270 1735/566/1285 1988/533/1229 1698/492/1195
f 1127/539/1236 1726/128/1250 1727/158/1254 1126/467/1134
f 1986/527/1223 1684/332/1031 1119/567/1286 1722/568/1287
f 1106/561/1274 1737/339/1288 1738/345/1289 1105/116/832
f 1722/568/1287 1997/102/1290 1732/106/1291 1115/569/1292
f 1733/352/1293 1734/157/1294 1116/570/1295 1114/571/1296
f 1108/434/1103 1741/58/1102 1742/109/1297 1110/542/1241
f 1434/572/1298 1439/573/1299 1435/574/1300 1432/575/1301
f 1110/542/1241 1689/478/1185 1688/576/1302 1108/434/1103
f 1423/577/1303 1427/578/1304 1428/579/1305 1424/440/1109
f 1989/514/1213 1683/114/830 1107/113/829 1721/565/1283
f 1123/549/1248 1124/548/1247 1746/131/1269 1747/130/1271
f 1415/580/1306 1419/581/1307 1931/582/1308 1930/583/1309
f 1109/433/1100 1108/434/1103 1688/576/1302 1687/530/1226
f 1111/558/1266 1694/441/1265 1695/501/1203 1112/550/1253
f 1738/345/1289 1739/45/1281 1107/113/829 1105/116/832
f 1993/344/1261 1731/341/1276 1118/562/1275 1718/555/1262
f 1122/544/1243 1120/540/1237 1724/55/1240 1725/51/1284
f 1114/571/1296 1679/584/1310 1678/528/1224 1115/569/1292
f 1121/541/1238 1721/565/1283 1996/48/1282 1723/56/1239
f 1426/585/1311 1431/586/1312 1427/578/1304 1423/577/1303
f 1110/542/1241 1742/109/1297 1999/108/1251 1736/543/1242
f 1106/561/1274 1681/534/1230 1988/533/1229 1735/566/1285
f 1115/569/1292 1732/106/1291 1733/352/1293 1114/571/1296
f 1987/536/1232 1680/506/1208 1116/570/1295 1720/559/1267
f 1116/570/1295 1680/506/1208 1679/584/1310 1114/571/1296
f 1735/566/1285 1998/160/1313 1737/339/1288 1106/561/1274
f 1998/160/1313 1735/566/1285 1125/560/1270 1748/161/1272
f 1989/514/1213 1721/565/1283 1121/541/1238 1690/515/1214
f 1718/555/1262 1990/503/1205 1693/557/1264 1113/556/1263
f 1992/133/1279 1740/59/1101 1109/433/1100 1717/538/1235
f 1117/563/1278 1730/340/1277 1729/103/1314 1119/567/1286
f 1722/568/1287 1119/567/1286 1729/103/1314 1997/102/1290
f 1117/563/1278 1119/567/1286 1684/332/1031 1685/564/1280
f 1696/537/1233 1987/536/1232 1720/559/1267 1124/548/1247
f 1115/569/1292 1678/528/1224 1986/527/1223 1722/568/1287
f 1744/371/1273 1743/342/1260 1113/556/1263 1111/558/1266
f 1116/570/1295 1734/157/1294 1995/134/1268 1720/559/1267
f 1942/587/1315 1943/161/1315 1156/588/1315 1151/589/1315
f 1916/51/1316 2026/50/1316 1814/590/1316 1317/591/1316
f 960/316/1016 963/214/902 1650/254/931
f 1160/592/1317 1164/593/1317 1922/594/1317 1921/595/1317
f 1277/596/1318 1789/597/1318 2024/133/1318 1935/598/1318
f 1313/599/1319 1310/600/1319 1312/601/1319 1317/591/1319
f 1149/508/1320 1770/602/1320 1771/603/1320 1147/604/1320
f 1792/605/1321 2007/606/1321 1761/607/1321 1294/608/1321
f 1000/54/871 1615/163/874 1616/471/1322 1001/52/1323
f 1305/609/1324 1304/610/1324 1307/611/1324 1308/612/1324
f 1147/604/1325 1771/603/1325 1772/613/1325 1148/614/1325
f 1186/349/1326 1766/615/1326 2002/616/1326 1783/617/1326
f 1172/618/1327 1170/619/1327 1167/620/1327 1169/621/1327
f 1292/622/1328 1762/623/1328 1763/624/1328 1293/625/1328
f 1143/626/1329 1783/617/1329 2002/616/1329 1749/627/1329
f 1768/628/1330 1767/629/1330 1171/630/1330 1170/619/1330
f 1767/629/1331 2004/631/1331 1797/632/1331 1171/630/1331
f 1175/521/1332 1939/633/1332 1938/634/1332 1180/522/1332
f 1136/635/1333 1925/636/1333 2027/637/1333 1773/638/1333
f 1915/55/1334 1916/51/1334 1317/591/1334 1312/601/1334
f 1786/639/1335 2031/108/1335 1940/355/1335 1179/640/1335
f 1059/268/1336 918/207/1336 1639/181/1336 1598/184/1336
f 1447/641/1337 1442/642/1338 1889/643/1339
f 1273/496/1340 1277/596/1340 1935/598/1340 1936/58/1340
f 1287/644/1341 1919/645/1341 2024/133/1341 1789/597/1341
f 1301/646/1342 1932/647/1342 1933/648/1342 1297/649/1342
f 1937/109/1343 2031/108/1343 1786/639/1343 1278/650/1343
f 1309/651/1344 1760/652/1344 1759/653/1344 1307/611/1344
f 1757/654/1345 2005/655/1345 1816/656/1345 1323/657/1345
f 1307/611/1346 1759/653/1346 1758/658/1346 1308/612/1346
f 1565/389/1347 1564/367/1347 890/368/1347 886/388/1347
f 1710/493/1196 1094/525/1221 1093/659/1348 1709/660/1349
f 1312/601/1350 1316/661/1350 1914/662/1350 1915/55/1350
f 1778/663/1351 2029/102/1351 1923/106/1351 1135/664/1351
f 1131/665/1352 1924/666/1352 1925/636/1352 1136/635/1352
f 1302/667/1353 1934/668/1353 2028/48/1353 1806/669/1353
f 1808/670/1354 1315/671/1354 1828/672/1354 2011/399/1354
f 874/104/1355 1729/103/1355 1730/340/1355 873/117/1355
f 1236/198/1356 1220/196/1357 1222/234/1358 1239/673/1359
f 1172/618/1360 1791/674/1360 2003/675/1360 1769/676/1360
f 1187/677/1361 1184/678/1361 1815/679/1361 1816/656/1361
f 1750/680/1362 1751/681/1362 1142/682/1362 1141/683/1362
f 1851/511/1363 2006/684/1363 1770/602/1363 1149/508/1363
f 1832/188/1364 1831/235/1364 1222/234/1364 1219/185/1364
f 1259/685/1365 1261/686/1366 1205/290/1367 1202/687/1368
f 1205/290/1369 1855/258/1369 1854/269/1369 1203/688/1369
f 1262/689/1370 1265/218/1371 1211/217/1372 1208/216/1373
f 1212/690/1374 1214/691/1374 1217/692/1374 1215/693/1374
f 1221/194/1375 1223/694/1375 1846/695/1375 1847/199/1375
f 1196/696/1376 1198/697/1377 1255/289/1378 1254/211/1379
f 1210/263/1380 1857/264/1381 1863/698/1382 1266/699/1383
f 1200/272/1384 1201/700/1384 1204/239/1384 1202/687/1384
f 1204/239/1385 1849/243/1386 1802/701/1387 1260/702/1388
f 1194/703/1389 1195/704/1389 1198/697/1389 1196/696/1389
f 1202/687/1390 1205/290/1390 1203/688/1390 1200/272/1390
f 1229/144/1391 1844/125/1391 1845/705/1391 1227/706/1391
f 1254/211/1379 1256/707/1392 1199/708/1393 1196/696/1376
f 1256/707/1392 1862/254/1394 1853/255/1395 1199/708/1393
f 1224/177/1396 1225/178/1396 1228/148/1396 1226/147/1396
f 1238/197/1397 1223/694/1398 1220/196/1357 1236/198/1356
f 1225/178/1399 1847/199/1399 1846/695/1399 1228/148/1399
f 1802/701/1387 1849/243/1386 1193/709/1400 1252/710/1401
f 1213/711/1402 1216/206/1402 1214/691/1402 1212/690/1402
f 1211/217/1403 1831/235/1403 1832/188/1403 1209/224/1403
f 1582/70/1404 1975/69/1404 1551/140/1404 859/139/1404
f 1251/712/1405 1192/713/1406 1844/125/856 1861/124/855
f 1218/193/1407 1220/196/1407 1223/694/1407 1221/194/1407
f 1252/710/1401 1193/709/1400 1190/230/1408 1250/714/1409
f 1201/700/1410 1848/715/1410 1849/243/1410 1204/239/1410
f 1198/697/1377 1836/411/1411 1801/716/1412 1255/289/1378
f 1226/147/1413 1229/144/1413 1227/706/1413 1224/177/1413
f 1199/708/1414 1853/255/1414 1852/181/1414 1197/717/1414
f 1245/42/802 1232/271/1415 1234/718/1416 1246/43/803
f 813/33/795 804/32/795 792/719/1417 795/720/1417
f 1219/185/1418 1222/234/1418 1220/196/1418 1218/193/1418
f 1250/714/1409 1190/230/1408 1192/713/1406 1251/712/1405
f 1845/705/1419 1844/125/1419 1192/713/1419 1189/721/1419
f 1187/677/1420 1764/722/1420 1765/723/1420 1185/348/1420
f 1208/216/1421 1211/217/1421 1209/224/1421 1206/225/1421
f 1191/724/1422 1193/709/1422 1849/243/1422 1848/715/1422
f 1247/725/1423 1235/410/1424 1232/271/1415 1245/42/802
f 1863/698/1382 1857/264/1381 1217/692/1425 1271/274/1426
f 1231/726/1427 1234/718/1427 1232/271/1427 1230/727/1427
f 1269/728/1428 1214/691/1429 1216/206/1430 1270/729/1431
f 1854/269/1432 1855/258/1432 1234/718/1432 1231/726/1432
f 1270/729/1431 1216/206/1430 1853/255/1395 1862/254/1394
f 1230/727/1433 1232/271/1433 1235/410/1433 1233/409/1433
f 1207/262/1434 1856/220/1434 1857/264/1434 1210/263/1434
f 1208/216/1373 1210/263/1380 1266/699/1383 1262/689/1370
f 866/390/1435 1605/363/1435 1968/362/1435 1572/392/1435
f 1206/225/1436 1207/262/1436 1210/263/1436 1208/216/1436
f 1202/687/1368 1204/239/1385 1260/702/1388 1259/685/1365
f 1195/704/1437 1837/412/1437 1836/411/1437 1198/697/1437
f 1860/306/1438 1846/695/1439 1223/694/1398 1238/197/1397
f 1196/696/1440 1199/708/1440 1197/717/1440 1194/703/1440
f 1241/150/862 1243/143/854 1229/144/857 1226/147/859
f 1239/673/1359 1222/234/1358 1831/235/1441 1799/285/1442
f 1189/721/1443 1192/713/1443 1190/230/1443 1188/730/1443
f 1324/731/1444 1820/732/1444 2000/733/1444 1755/734/1444
f 1852/181/1445 1853/255/1445 1216/206/1445 1213/711/1445
f 1246/43/803 1234/718/1416 1855/258/1446 1800/735/1447
f 1188/730/1448 1190/230/1448 1193/709/1448 1191/724/1448
f 1215/693/1449 1217/692/1449 1857/264/1449 1856/220/1449
f 1271/274/1426 1217/692/1425 1214/691/1429 1269/728/1428
f 1801/716/1412 1836/411/1411 1235/410/1424 1247/725/1423
f 1264/27/792 1262/689/1370 1263/736/1450
f 1802/701/1387 1252/710/1401 1249/737/1451
f 1261/686/1366 1800/735/1447 1855/258/1446 1205/290/1367
f 1268/738/1452 1271/274/1426 1269/728/1428
f 973/267/946 914/263/945 911/216/904 971/215/903
f 1263/736/1450 1266/699/1383 1863/698/1382
f 1236/198/1356 1239/673/1359 1237/337/1453
f 1241/150/862 1242/149/861 1240/739/1454
f 1889/643/1339 1304/610/1455 1305/609/1456
f 1171/630/1457 1797/632/1457 1798/740/1457 1168/741/1457
f 1892/545/1458 1182/347/1459 1183/346/1460
f 1258/25/790 1261/686/1366 1259/685/1365
f 1860/306/1438 1238/197/1397 1237/337/1453
f 989/83/1461 986/82/1461 985/742/1461 988/743/1461
f 1088/744/1462 1693/557/1264 1703/502/1204
f 1249/737/1451 1252/710/1401 1250/714/1409
f 1188/730/1463 1333/745/1463 1337/294/1463 1189/721/1463
f 1254/211/1379 1255/289/1378 1253/746/1464
f 895/283/995 1635/243/924 1591/242/923 958/288/973
f 1282/747/1465 1918/158/1465 1919/645/1465 1287/644/1465
f 1164/593/1466 1781/748/1466 2025/344/1466 1922/594/1466
f 1921/595/1467 1920/749/1467 1165/750/1467 1160/592/1467
f 1794/751/1468 2030/160/1468 1932/647/1468 1301/646/1468
f 2013/423/1469 1878/382/1469 1279/752/1469 1784/753/1469
f 1936/58/1470 1937/109/1470 1278/650/1470 1273/496/1470
f 1920/749/1471 2029/102/1471 1778/663/1471 1165/750/1471
f 1155/754/1472 1773/638/1472 2027/637/1472 1941/755/1472
f 1180/522/1473 1938/634/1473 2025/344/1473 1781/748/1473
f 1143/626/1474 1141/683/1474 1138/756/1474 1140/757/1474
f 1170/619/1475 1172/618/1475 1769/676/1475 1768/628/1475
f 1308/612/1476 1758/658/1476 2001/758/1476 1858/759/1476
f 1756/760/1477 1757/654/1477 1323/657/1477 1322/761/1477
f 1797/632/1478 2004/631/1478 1760/652/1478 1309/651/1478
f 1135/664/1479 1923/106/1479 1924/666/1479 1131/665/1479
f 1151/589/1480 1155/754/1480 1941/755/1480 1942/587/1480
f 1316/661/1481 1806/669/1481 2028/48/1481 1914/662/1481
f 1145/762/1482 1144/763/1482 1147/604/1482 1148/614/1482
f 1185/348/1483 1765/723/1483 1766/615/1483 1186/349/1483
f 1330/484/1484 1858/759/1484 2001/758/1484 1752/764/1484
f 1753/765/1485 1754/766/1485 1329/767/1485 1328/485/1485
f 1754/766/1486 2006/684/1486 1851/511/1486 1329/767/1486
f 1875/62/1487 1303/100/1487 1808/670/1487 2011/399/1487
f 1297/649/1488 1933/648/1488 1934/668/1488 1302/667/1488
f 1179/640/1489 1940/355/1489 1939/633/1489 1175/521/1489
f 1814/590/1490 2026/50/1490 1917/128/1490 1286/768/1490
f 1784/753/1491 1178/769/1491 1881/384/1491 2013/423/1491
f 1751/681/1492 2007/606/1492 1792/605/1492 1142/682/1492
f 1290/770/1493 1289/771/1493 1292/622/1493 1293/625/1493
f 1141/683/1494 1143/626/1494 1749/627/1494 1750/680/1494
f 1293/625/1495 1763/624/1495 2003/675/1495 1791/674/1495
f 1013/364/1496 1012/772/1496 1637/773/1496 1638/379/1496
f 1294/608/1497 1761/607/1497 1762/623/1497 1292/622/1497
f 1816/656/1498 2005/655/1498 1764/722/1498 1187/677/1498
f 1324/731/1499 1322/761/1499 1319/774/1499 1321/775/1499
f 1322/761/1500 1324/731/1500 1755/734/1500 1756/760/1500
f 1148/614/1501 1772/613/1501 2000/733/1501 1820/732/1501
f 1388/415/1502 1865/416/1502 1866/432/1502 1393/776/1502
f 1876/777/1503 1877/381/1503 1389/420/1503 1393/776/1503
f 1378/778/1504 1383/186/1504 1379/779/1504 1376/780/1504
f 1356/454/1505 1351/281/1505 1200/272/1505 1203/688/1505
f 1818/428/1506 1819/781/1506 1400/782/1506 1395/424/1506
f 1374/783/1507 1215/693/1507 1856/220/1507 1827/219/1507
f 1349/456/1508 1350/459/1508 1355/280/1508 1351/281/1508
f 1350/459/1509 1804/438/1509 1805/189/1509 1355/280/1509
f 1361/784/1510 1365/275/1510 1207/262/1510 1206/225/1510
f 1365/275/1511 1827/219/1511 1856/220/1511 1207/262/1511
f 1353/468/1512 1354/785/1512 1350/459/1512 1349/456/1512
f 1833/137/1513 1834/138/1513 1335/394/1513 1339/354/1513
f 1354/785/1514 1803/353/1514 1804/438/1514 1350/459/1514
f 1380/476/1515 1381/421/1515 1377/304/1515 1376/780/1515
f 1868/405/1516 1869/406/1516 1402/351/1516 1397/786/1516
f 1390/419/1517 1389/420/1517 1877/381/1517 1878/382/1517
f 1367/400/1518 1369/244/1518 1374/783/1518 1370/787/1518
f 1819/781/1519 1356/454/1519 1203/688/1519 1854/269/1519
f 1334/788/1520 1338/192/1520 1805/189/1520 1804/438/1520
f 1338/192/1521 1191/724/1521 1848/715/1521 1805/189/1521
f 1042/472/1522 1043/474/1522 1048/227/1522 1044/226/1522
f 1871/789/1523 1870/187/1523 1383/186/1523 1378/778/1523
f 1233/409/1524 1401/790/1524 1396/249/1524 1230/727/1524
f 1231/726/1525 1400/782/1525 1819/781/1525 1854/269/1525
f 1367/400/1526 1371/401/1526 1372/791/1526 1368/457/1526
f 1382/792/1527 1377/304/1527 1880/38/1527 1879/793/1527
f 1352/455/1528 1818/428/1528 1817/398/1528 1357/794/1528
f 1344/442/1529 1345/407/1529 1341/461/1529 1340/413/1529
f 1364/795/1530 1825/299/1530 1826/298/1530 1360/796/1530
f 1394/426/1531 1396/249/1531 1401/790/1531 1397/786/1531
f 1215/693/1532 1374/783/1532 1369/244/1532 1212/690/1532
f 1397/786/1533 1401/790/1533 1867/247/1533 1868/405/1533
f 1355/280/1534 1805/189/1534 1848/715/1534 1201/700/1534
f 1368/457/1535 1373/797/1535 1369/244/1535 1367/400/1535
f 1865/416/1536 1864/295/1536 1337/294/1536 1332/447/1536
f 1392/798/1537 1387/180/1537 1224/177/1537 1227/706/1537
f 1811/184/1538 1347/799/1538 1197/717/1538 1852/181/1538
f 1394/426/1539 1398/350/1539 1399/800/1539 1395/424/1539
f 2015/453/1540 1872/452/1540 1382/792/1540 1879/793/1540
f 1395/424/1541 1399/800/1541 1817/398/1541 1818/428/1541
f 1340/413/1542 1343/414/1542 1348/801/1542 1344/442/1542
f 1336/802/1543 1335/394/1543 1834/138/1543 1835/369/1543
f 1332/447/1544 1336/802/1544 1866/432/1544 1865/416/1544
f 1389/420/1545 1390/419/1545 1386/435/1545 1385/417/1545
f 1390/419/1546 1824/422/1546 1823/436/1546 1386/435/1546
f 1881/384/1547 1880/38/1547 1377/304/1547 1381/421/1547
f 1361/784/1548 1366/227/1548 1362/803/1548 1358/804/1548
f 1221/194/1549 1384/805/1549 1379/779/1549 1218/193/1549
f 1380/476/1550 1384/805/1550 1822/223/1550 1823/436/1550
f 1346/462/1551 1867/247/1551 1837/412/1551 1195/704/1551
f 1395/424/1552 1400/782/1552 1396/249/1552 1394/426/1552
f 1347/799/1553 1811/184/1553 1810/458/1553 1343/414/1553
f 1230/727/1554 1396/249/1554 1400/782/1554 1231/726/1554
f 1864/295/1555 1392/798/1555 1227/706/1555 1845/705/1555
f 1331/393/1556 1335/394/1556 1336/802/1556 1332/447/1556
f 1343/414/1557 1810/458/1557 1809/806/1557 1348/801/1557
f 1828/672/1558 1829/807/1558 1353/468/1558 1357/794/1558
f 1387/180/1559 1392/798/1559 1388/415/1559 1385/417/1559
f 1212/690/1560 1369/244/1560 1373/797/1560 1213/711/1560
f 1366/227/1561 1870/187/1561 1871/789/1561 1362/803/1561
f 1189/721/1562 1337/294/1562 1864/295/1562 1845/705/1562
f 1331/393/1563 1333/745/1563 1338/192/1563 1334/788/1563
f 1392/798/1564 1864/295/1564 1865/416/1564 1388/415/1564
f 1351/281/1565 1355/280/1565 1201/700/1565 1200/272/1565
f 1837/412/1566 1867/247/1566 1401/790/1566 1233/409/1566
f 1334/788/1567 1339/354/1567 1335/394/1567 1331/393/1567
f 1841/475/1568 1842/808/1568 1371/401/1568 1375/402/1568
f 1345/407/1569 1869/406/1569 1868/405/1569 1341/461/1569
f 1397/786/1570 1402/351/1570 1398/350/1570 1394/426/1570
f 2015/453/1571 1840/90/1571 1363/93/1571 1872/452/1571
f 1826/298/1572 1825/299/1572 1375/402/1572 1370/787/1572
f 1358/804/1573 1362/803/1573 1363/93/1573 1359/92/1573
f 1362/803/1574 1871/789/1574 1872/452/1574 1363/93/1574
f 2011/399/1575 1817/398/1575 1399/800/1575 1875/62/1575
f 1342/463/1576 1347/799/1576 1343/414/1576 1340/413/1576
f 1218/193/1577 1379/779/1577 1383/186/1577 1219/185/1577
f 1032/248/1578 1657/247/1578 1658/405/1578 1028/404/1578
f 1213/711/1579 1373/797/1579 1811/184/1579 1852/181/1579
f 1385/417/1580 1386/435/1580 1391/437/1580 1387/180/1580
f 1341/461/1581 1868/405/1581 1867/247/1581 1346/462/1581
f 1342/463/1582 1346/462/1582 1195/704/1582 1194/703/1582
f 1265/218/1371 1799/285/1442 1831/235/1441 1211/217/1372
f 1370/787/1583 1375/402/1583 1371/401/1583 1367/400/1583
f 1922/594/1584 2025/344/1585 1899/809/1586 1449/810/1587
f 1345/407/1588 1344/442/1588 1883/811/1588 1884/121/1588
f 1358/804/1589 1360/796/1589 1365/275/1589 1361/784/1589
f 1360/796/1590 1826/298/1590 1827/219/1590 1365/275/1590
f 1391/437/1591 1822/223/1591 1847/199/1591 1225/178/1591
f 1051/400/1592 1054/244/1592 1059/268/1592 1055/457/1592
f 1356/454/1593 1819/781/1593 1818/428/1593 1352/455/1593
f 1387/180/1594 1391/437/1594 1225/178/1594 1224/177/1594
f 1366/227/1595 1361/784/1595 1206/225/1595 1209/224/1595
f 1349/456/1596 1352/455/1596 1357/794/1596 1353/468/1596
f 1359/92/1597 1364/795/1597 1360/796/1597 1358/804/1597
f 1376/780/1598 1377/304/1598 1382/792/1598 1378/778/1598
f 1378/778/1599 1382/792/1599 1872/452/1599 1871/789/1599
f 2014/431/1600 1876/777/1600 1393/776/1600 1866/432/1600
f 1332/447/1601 1337/294/1601 1333/745/1601 1331/393/1601
f 1347/799/1602 1342/463/1602 1194/703/1602 1197/717/1602
f 1810/458/1603 1811/184/1603 1373/797/1603 1368/457/1603
f 1870/187/1604 1366/227/1604 1209/224/1604 1832/188/1604
f 1376/780/1605 1379/779/1605 1384/805/1605 1380/476/1605
f 1370/787/1606 1374/783/1606 1827/219/1606 1826/298/1606
f 1191/724/1607 1338/192/1607 1333/745/1607 1188/730/1607
f 1847/199/1608 1822/223/1608 1384/805/1608 1221/194/1608
f 1385/417/1609 1388/415/1609 1393/776/1609 1389/420/1609
f 1364/795/1610 1359/92/1610 1839/91/1610 1838/446/1610
f 1804/438/1611 1803/353/1611 1339/354/1611 1334/788/1611
f 1573/135/1612 853/155/866 1629/154/865 1978/451/1612
f 1417/433/1613 1422/812/1614 1418/813/1615 1414/814/1616
f 1473/815/1617 1898/816/1618 1897/817/1619 1469/818/1620
f 1892/545/1458 1458/819/1621 2021/514/1622
f 1450/540/1623 1452/820/1624 1457/821/1625 1453/822/1626
f 1942/587/1627 1941/755/1628 1466/823/1629 1461/824/1630
f 1441/825/1631 1444/826/1632 1449/810/1587 1445/827/1633
f 1899/809/1586 2025/344/1585 1938/634/1634 1430/828/1635
f 1470/829/1636 1475/830/1637 1471/831/1638 1468/832/1639
f 1903/833/1640 1904/834/1641 1456/835/1642 1451/544/1643
f 1434/572/1298 1924/666/1644 1923/106/1645 1439/573/1299
f 1445/827/1633 1449/810/1587 1899/809/1586 1900/836/1646
f 1414/814/1616 1418/813/1615 1419/581/1307 1415/580/1306
f 1886/837/1647 1440/838/1648 2018/839/1649
f 1432/575/1301 1435/574/1300 1440/838/1648 1436/840/1650
f 1460/560/1651 1464/841/1652 1928/842/1653 1927/843/1654
f 1885/466/1655 1476/844/1656 2016/519/1657
f 1451/544/1643 1456/835/1642 1452/820/1624 1450/540/1623
f 1444/826/1632 1448/553/1258 1920/749/1658 1921/595/1659
f 1927/843/1654 1926/845/1660 1465/846/1661 1460/560/1651
f 1431/586/1312 1940/355/1662 2031/108/1663 1929/847/1664
f 1432/575/1301 1433/848/1665 1438/849/1666 1434/572/1298
f 1425/850/1667 1900/836/1646 1899/809/1586 1430/828/1635
f 1438/849/1666 1925/636/1668 1924/666/1644 1434/572/1298
f 1907/851/1669 2027/637/1670 1925/636/1668 1438/849/1666
f 1453/822/1626 1458/819/1621 1454/852/1671 1450/540/1623
f 2019/853/1672 1905/854/1673 1437/855/1674
f 1909/856/1675 1908/857/1676 1458/819/1621 1453/822/1626
f 1441/825/1631 1442/642/1338 1447/641/1337 1443/554/1259
f 1419/581/1307 1418/813/1615 1890/576/1677 1891/478/1678
f 1451/544/1643 1455/858/1679 1902/859/1680 1903/833/1640
f 1437/855/1674 1905/854/1673 1906/559/1681 1433/848/1665
f 1900/836/1646 1901/860/1682 1446/861/1683 1445/827/1633
f 1889/643/1339 1446/861/1683 2022/503/1684
f 1459/862/1685 1461/824/1630 1466/823/1629 1462/548/1686
f 1936/58/1687 1935/598/1688 1421/863/1689 1416/864/1690
f 1462/548/1686 1466/823/1629 1907/851/1669 1906/559/1681
f 1914/662/1691 2028/48/1692 1910/865/1693 1457/821/1625
f 1443/554/1259 1448/553/1258 1444/826/1632 1441/825/1631
f 1412/866/1694 1926/845/1660 1927/843/1654 1408/867/1695
f 1921/595/1659 1922/594/1584 1449/810/1587 1444/826/1632
f 1448/553/1258 1913/552/1257 2029/102/1696 1920/749/1658
f 1472/868/1697 1473/815/1617 1469/818/1620 1468/832/1639
f 1897/817/1619 1898/816/1618 1422/812/1614 1417/433/1613
f 1801/716/1412 1247/725/1423 1244/44/804
f 1406/869/1698 1909/856/1675 1910/865/1693 1411/870/1699
f 1474/871/1700 1919/645/1701 1918/158/1702 1470/829/1636
f 1417/433/1613 1421/863/1689 1896/872/1703 1897/817/1619
f 1368/457/1704 1372/791/1704 1809/806/1704 1810/458/1704
f 1407/873/1705 1412/866/1694 1408/867/1695 1405/874/1706
f 1475/830/1637 1904/834/1641 1903/833/1640 1471/831/1638
f 1416/864/1690 1420/875/1707 1937/109/1708 1936/58/1687
f 1420/875/1707 1929/847/1664 2031/108/1663 1937/109/1708
f 1943/161/1709 2030/160/1709 1794/751/1709 1156/588/1709
f 1894/876/1710 1893/441/1110 1424/440/1109 1428/579/1305
f 1427/578/1304 1930/583/1309 1931/582/1308 1428/579/1305
f 1424/440/1109 1429/439/1108 1425/850/1667 1423/577/1303
f 1895/547/1711 1467/877/1712 2019/853/1672
f 1286/768/1713 1917/128/1713 1918/158/1713 1282/747/1713
f 1468/832/1639 1471/831/1638 1476/844/1656 1472/868/1697
f 1435/574/1300 1912/551/1256 1911/878/1714 1440/838/1648
f 871/122/1715 1748/161/1715 1747/130/1715 870/119/1715
f 1439/573/1299 1923/106/1645 2029/102/1696 1913/552/1257
f 1426/585/1311 1939/633/1716 1940/355/1662 1431/586/1312
f 1431/586/1312 1929/847/1664 1930/583/1309 1427/578/1304
f 1465/846/1661 1926/845/1660 2030/160/1717 1943/161/1718
f 1461/824/1630 1465/846/1661 1943/161/1718 1942/587/1627
f 1423/577/1303 1425/850/1667 1430/828/1635 1426/585/1311
f 1430/828/1635 1938/634/1634 1939/633/1716 1426/585/1311
f 1910/865/1693 2028/48/1692 1934/668/1719 1411/870/1699
f 1459/862/1685 1463/879/1720 1464/841/1652 1460/560/1651
f 1471/831/1638 1903/833/1640 1902/859/1680 1476/844/1656
f 2020/880/1721 1928/842/1653 1464/841/1652
f 1460/560/1651 1465/846/1661 1461/824/1630 1459/862/1685
f 1470/829/1636 1918/158/1702 1917/128/1722 1475/830/1637
f 1930/583/1309 1929/847/1664 1420/875/1707 1415/580/1306
f 1475/830/1637 1917/128/1722 2026/50/1723 1904/834/1641
f 1469/818/1620 1897/817/1619 1896/872/1703 1474/871/1700
f 1433/848/1665 1906/559/1681 1907/851/1669 1438/849/1666
f 1411/870/1699 1934/668/1719 1933/648/1724 1407/873/1705
f 1941/755/1628 2027/637/1670 1907/851/1669 1466/823/1629
f 1436/840/1650 1437/855/1674 1433/848/1665 1432/575/1301
f 2017/529/1725 1898/816/1618 1473/815/1617
f 1410/881/1726 1908/857/1676 1909/856/1675 1406/869/1698
f 1405/874/1706 1408/867/1695 1413/882/1727 1409/883/1728
f 1443/554/1259 1447/641/1337 1911/878/1714 1912/551/1256
f 1452/820/1624 1456/835/1642 1916/51/1729 1915/55/1730
f 1439/573/1299 1913/552/1257 1912/551/1256 1435/574/1300
f 1456/835/1642 1904/834/1641 2026/50/1723 1916/51/1729
f 1468/832/1639 1469/818/1620 1474/871/1700 1470/829/1636
f 1414/814/1616 1416/864/1690 1421/863/1689 1417/433/1613
f 1823/436/1731 1824/422/1731 1381/421/1731 1380/476/1731
f 1896/872/1703 2024/133/1732 1919/645/1701 1474/871/1700
f 1409/883/1728 1410/881/1726 1406/869/1698 1405/874/1706
f 2021/514/1622 1908/857/1676 1410/881/1726
f 1429/439/1108 1901/860/1682 1900/836/1646 1425/850/1667
f 1445/827/1633 1446/861/1683 1442/642/1338 1441/825/1631
f 1906/559/1681 1905/854/1673 1467/877/1712 1462/548/1686
f 1890/576/1677 1422/812/1614 2017/529/1725
f 1405/874/1706 1406/869/1698 1411/870/1699 1407/873/1705
f 1915/55/1730 1914/662/1691 1457/821/1625 1452/820/1624
f 1453/822/1626 1457/821/1625 1910/865/1693 1909/856/1675
f 1935/598/1688 2024/133/1732 1896/872/1703 1421/863/1689
f 1415/580/1306 1420/875/1707 1416/864/1690 1414/814/1616
f 1407/873/1705 1933/648/1724 1932/647/1733 1412/866/1694
f 1412/866/1694 1932/647/1733 2030/160/1717 1926/845/1660
f 1450/540/1623 1454/852/1671 1455/858/1679 1451/544/1643
f 2016/519/1657 1902/859/1680 1455/858/1679
f 1408/867/1695 1927/843/1654 1928/842/1653 1413/882/1727
f 1505/884/1734 1510/885/1734 1506/886/1734 1504/887/1734
f 1536/888/1735 1569/374/1735 1568/377/1735 1532/889/1735
f 1948/890/1736 1947/891/1736 1491/892/1736 1490/893/1736
f 1944/894/1737 1968/362/1737 1555/361/1737 1500/895/1737
f 1531/896/1738 1532/889/1738 1537/897/1738 1533/898/1738
f 1526/899/1739 1960/900/1739 1959/901/1739 1527/902/1739
f 1514/903/1740 1518/904/1740 1561/68/1740 1562/85/1740
f 1527/902/1741 1959/901/1741 1973/174/1741 1564/367/1741
f 1495/905/1742 1497/906/1742 1502/654/1742 1498/760/1742
f 1516/907/1743 1762/623/1743 1761/607/1743 1521/607/1743
f 1544/908/1744 1548/909/1744 1964/910/1744 1963/911/1744
f 1530/722/1745 1764/722/1745 2005/655/1745 1961/655/1745
f 1542/912/1746 1547/913/1746 1543/603/1746 1540/914/1746
f 1539/676/1747 1955/915/1747 1954/916/1747 1535/917/1747
f 1511/918/1748 1758/658/1748 1759/653/1748 1507/919/1748
f 1520/624/1749 1763/624/1749 1762/623/1749 1516/907/1749
f 1514/903/1750 1519/920/1750 1515/921/1750 1513/922/1750
f 1954/916/1751 1953/923/1751 1536/888/1751 1535/917/1751
f 1563/84/1752 1971/375/1752 1953/923/1752 1519/920/1752
f 1544/908/1753 1963/911/1753 1962/924/1753 1545/925/1753
f 1503/734/1754 1946/926/1754 1945/927/1754 1499/928/1754
f 1532/889/1755 1568/377/1755 1567/96/1755 1537/897/1755
f 1537/897/1756 1567/96/1756 1972/95/1756 1956/929/1756
f 1477/930/1757 1479/931/1757 1484/932/1757 1480/680/1757
f 1543/603/1758 1771/603/1758 1770/602/1758 1548/909/1758
f 1533/898/1759 1957/933/1759 1958/631/1759 1538/934/1759
f 1502/654/1760 1961/655/1760 2005/655/1760 1757/654/1760
f 1534/935/1761 1539/676/1761 1535/917/1761 1531/896/1761
f 1951/936/1762 1952/616/1762 1529/615/1762 1524/937/1762
f 1547/913/1763 1772/613/1763 1771/603/1763 1543/603/1763
f 1755/734/1764 2000/733/1764 1946/926/1764 1503/734/1764
f 1541/938/1765 1546/939/1765 1542/912/1765 1540/914/1765
f 1482/940/1766 1549/87/1766 1550/141/1766 1478/941/1766
f 1490/893/1767 1491/892/1767 1487/942/1767 1486/943/1767
f 1566/152/1768 1970/88/1768 1950/944/1768 1528/945/1768
f 1522/946/1769 1526/899/1769 1527/902/1769 1523/947/1769
f 1517/948/1770 1966/949/1770 1965/950/1770 1518/904/1770
f 1487/942/1771 1553/366/1771 1554/365/1771 1492/951/1771
f 1545/925/1772 1962/924/1772 1974/380/1772 1570/65/1772
f 1497/906/1773 1960/900/1773 1961/655/1773 1502/654/1773
f 1534/935/1774 1538/934/1774 1767/629/1774 1768/628/1774
f 1488/952/1775 1963/911/1775 1964/910/1775 1493/953/1775
f 1512/652/1776 1760/652/1776 2004/631/1776 1958/631/1776
f 1489/765/1777 1494/764/1777 1490/893/1777 1486/943/1777
f 1945/927/1778 1946/926/1778 1547/913/1778 1542/912/1778
f 1750/680/1779 1749/627/1779 1485/627/1779 1480/680/1779
f 1955/915/1780 2003/675/1780 1763/624/1780 1520/624/1780
f 1477/930/1781 1478/941/1781 1483/954/1781 1479/931/1781
f 1541/938/1782 1545/925/1782 1570/65/1782 1571/64/1782
f 1479/931/1783 1483/954/1783 1965/950/1783 1966/949/1783
f 1952/616/1784 2002/616/1784 1766/615/1784 1529/615/1784
f 1523/947/1785 1528/945/1785 1524/937/1785 1522/946/1785
f 1951/936/1786 1950/944/1786 1482/940/1786 1481/955/1786
f 1500/895/1787 1555/361/1787 1556/360/1787 1496/956/1787
f 1572/392/1788 1968/362/1788 1944/894/1788 1546/939/1788
f 1480/680/1789 1485/627/1789 1481/955/1789 1477/930/1789
f 1768/628/1790 1769/676/1790 1539/676/1790 1534/935/1790
f 1954/916/1791 1955/915/1791 1520/624/1791 1515/921/1791
f 1749/627/1792 2002/616/1792 1952/616/1792 1485/627/1792
f 1486/943/1793 1488/952/1793 1493/953/1793 1489/765/1793
f 1526/899/1794 1530/722/1794 1961/655/1794 1960/900/1794
f 1480/680/1795 1484/932/1795 1751/681/1795 1750/680/1795
f 1484/932/1796 1967/957/1796 2007/606/1796 1751/681/1796
f 1486/943/1797 1487/942/1797 1492/951/1797 1488/952/1797
f 1496/956/1798 1556/360/1798 1557/175/1798 1501/958/1798
f 1533/898/1799 1537/897/1799 1956/929/1799 1957/933/1799
f 1501/958/1800 1557/175/1800 1973/174/1800 1959/901/1800
f 1535/917/1801 1536/888/1801 1532/889/1801 1531/896/1801
f 1546/939/1802 1944/894/1802 1945/927/1802 1542/912/1802
f 1491/892/1803 1552/168/1803 1553/366/1803 1487/942/1803
f 1953/923/1804 1971/375/1804 1569/374/1804 1536/888/1804
f 1513/922/1805 1516/907/1805 1521/607/1805 1517/948/1805
f 1753/765/1806 1752/764/1806 1494/764/1806 1489/765/1806
f 1494/764/1807 1949/959/1807 1948/890/1807 1490/893/1807
f 1949/959/1808 2001/758/1808 1758/658/1808 1511/918/1808
f 1540/914/1809 1543/603/1809 1548/909/1809 1544/908/1809
f 1479/931/1810 1966/949/1810 1967/957/1810 1484/932/1810
f 1498/760/1811 1502/654/1811 1757/654/1811 1756/760/1811
f 1548/909/1812 1770/602/1812 2006/684/1812 1964/910/1812
f 1540/914/1813 1544/908/1813 1545/925/1813 1541/938/1813
f 1505/884/1814 1509/960/1814 1560/171/1814 1559/75/1814
f 1488/952/1815 1492/951/1815 1962/924/1815 1963/911/1815
f 1518/904/1816 1965/950/1816 1975/69/1816 1561/68/1816
f 1499/928/1817 1500/895/1817 1496/956/1817 1495/905/1817
f 1519/920/1818 1953/923/1818 1954/916/1818 1515/921/1818
f 1559/75/1819 1558/74/1819 1510/885/1819 1505/884/1819
f 1947/891/1820 1969/77/1820 1552/168/1820 1491/892/1820
f 1498/760/1821 1503/734/1821 1499/928/1821 1495/905/1821
f 1489/765/1822 1493/953/1822 1754/766/1822 1753/765/1822
f 1485/627/1823 1952/616/1823 1951/936/1823 1481/955/1823
f 1769/676/1824 2003/675/1824 1955/915/1824 1539/676/1824
f 1504/887/1825 1507/919/1825 1512/652/1825 1508/961/1825
f 1063/302/1826 1067/186/1826 1660/187/1826 1661/473/1826
f 1538/934/1827 1958/631/1827 2004/631/1827 1767/629/1827
f 1481/955/1828 1482/940/1828 1478/941/1828 1477/930/1828
f 1562/85/1829 1563/84/1829 1519/920/1829 1514/903/1829
f 1945/927/1830 1944/894/1830 1500/895/1830 1499/928/1830
f 1558/74/1831 1969/77/1831 1947/891/1831 1510/885/1831
f 1513/922/1832 1517/948/1832 1518/904/1832 1514/903/1832
f 1508/961/1833 1957/933/1833 1956/929/1833 1509/960/1833
f 1523/947/1834 1527/902/1834 1564/367/1834 1565/389/1834
f 1509/960/1835 1956/929/1835 1972/95/1835 1560/171/1835
f 1522/946/1836 1525/962/1836 1530/722/1836 1526/899/1836
f 1525/962/1837 1765/723/1837 1764/722/1837 1530/722/1837
f 1517/948/1838 1521/607/1838 1967/957/1838 1966/949/1838
f 1521/607/1839 1761/607/1839 2007/606/1839 1967/957/1839
f 1515/921/1840 1520/624/1840 1516/907/1840 1513/922/1840
f 1506/886/1841 1511/918/1841 1507/919/1841 1504/887/1841
f 1529/615/1842 1766/615/1842 1765/723/1842 1525/962/1842
f 1946/926/1843 2000/733/1843 1772/613/1843 1547/913/1843
f 1504/887/1844 1508/961/1844 1509/960/1844 1505/884/1844
f 1483/954/1845 1551/140/1845 1975/69/1845 1965/950/1845
f 1497/906/1846 1501/958/1846 1959/901/1846 1960/900/1846
f 1492/951/1847 1554/365/1847 1974/380/1847 1962/924/1847
f 1495/905/1848 1496/956/1848 1501/958/1848 1497/906/1848
f 1510/885/1849 1947/891/1849 1948/890/1849 1506/886/1849
f 1565/389/1850 1566/152/1850 1528/945/1850 1523/947/1850
f 1571/64/1851 1572/392/1851 1546/939/1851 1541/938/1851
f 1524/937/1852 1529/615/1852 1525/962/1852 1522/946/1852
f 1756/760/1853 1755/734/1853 1503/734/1853 1498/760/1853
f 1948/890/1854 1949/959/1854 1511/918/1854 1506/886/1854
f 1752/764/1855 2001/758/1855 1949/959/1855 1494/764/1855
f 1531/896/1856 1533/898/1856 1538/934/1856 1534/935/1856
f 1508/961/1857 1512/652/1857 1958/631/1857 1957/933/1857
f 1507/919/1858 1759/653/1858 1760/652/1858 1512/652/1858
f 1493/953/1859 1964/910/1859 2006/684/1859 1754/766/1859
f 1977/408/1860 1663/112/828 993/111/827 1584/159/1860
f 859/139/1861 856/142/1861 855/166/1861 858/963/1861
f 980/110/1862 1742/109/1862 1741/58/1862 979/57/1862
f 1261/686/1366 1258/25/790 1800/735/1447
f 1258/25/790 1244/44/804 1246/43/803
f 1800/735/1447 1258/25/790 1246/43/803
f 1244/44/804 1247/725/1423 1245/42/802
f 1152/122/1863 1795/964/1864 1796/498/1864 1157/965/1863
f 871/122/840 1674/121/839 1977/408/1860 1584/159/1860
f 1645/76/1865 1646/329/1865 1011/357/1865 1014/167/1865
f 2010/451/1866 1882/966/1866 1348/801/1866 1809/806/1866
f 1665/62/810 1979/399/1867 1595/47/1867 992/46/811
f 1575/343/1868 883/40/800 1669/39/799 1983/453/1868
f 982/136/1869 983/370/1869 1728/372/1869 1727/158/1869
f 1626/90/835 875/118/834 1575/343/1868 1983/453/1868
f 1605/363/1870 866/390/1870 865/391/1870 1606/967/1870
f 884/356/1070 1578/107/1871 1981/423/1871 1671/384/1071
f 1574/101/1872 874/104/1873 1624/446/1874 1980/445/1872
f 1887/968/1875 1888/969/1876 1409/883/1728 1413/882/1727
f 1328/485/1877 1329/767/1877 1326/970/1877 1325/486/1877
f 1013/364/1878 1010/359/1878 1009/358/1878 1012/772/1878
f 859/139/1879 858/963/1879 1583/971/1879 1582/70/1879
f 967/238/919 966/312/1012 1591/242/923
f 966/312/1012 955/287/972 1591/242/923
f 977/253/930 974/284/967 976/24/1006
f 974/284/967 978/274/956 975/307/1007
f 978/274/956 1651/266/943 1652/972/1880 975/307/1007
f 957/123/841 954/301/990 956/310/1010
f 954/301/990 958/288/973 955/287/972
f 957/123/841 956/310/1010 1649/124/842
f 956/310/1010 945/311/1011 1649/124/842
f 967/238/919 964/241/922 966/312/1012
f 964/241/922 968/292/982 965/313/1013
f 951/314/1014 965/313/1013 1588/257/936
f 965/313/1013 968/292/982 1588/257/936
f 962/289/977 959/211/899 961/315/1015
f 959/211/899 963/214/902 960/316/1016
f 1162/973/1881 1166/974/1881 1838/446/1881 1839/91/1881
f 1007/176/1882 1006/975/1882 1600/976/1882 1601/173/1882
f 2012/445/1883 1838/446/1883 1166/974/1883 1776/977/1883
f 942/197/890 1648/306/1002 1647/321/1019 939/337/1036
f 1614/162/873 1002/53/872 1595/47/1867 1979/399/1867
f 873/117/833 1625/91/836 1624/446/1874 874/104/1873
f 1653/326/1024 1647/321/1019 946/320/1018
f 946/320/1018 945/311/1011 1653/326/1024
f 945/311/1011 956/310/1010 1653/326/1024
f 956/310/1010 955/287/972 966/312/1012
f 966/312/1012 965/313/1013 956/310/1010
f 965/313/1013 951/314/1014 1653/326/1024
f 951/314/1014 950/309/1009 1653/326/1024
f 950/309/1009 1590/308/1008 1653/326/1024
f 972/218/906 969/27/1884 971/215/903
f 969/27/1884 970/327/1025 971/215/903
f 1704/978/1885 1095/517/1216 1705/535/1231
f 1177/979/1886 1178/769/1887 1174/980/1888 1173/524/1889
f 1701/981/1890 1700/982/1891 1087/983/1892 1089/984/1893
f 1879/793/1894 1181/985/1894 1779/986/1894 2015/453/1894
f 879/169/1895 876/387/1896 1089/984/1893
f 1311/53/1897 1310/600/1898 1314/987/1899 1315/671/1897
f 1586/170/1900 879/169/1895 1702/532/1228
f 879/169/1895 1089/984/1893 1087/983/1892
f 879/169/1895 1087/983/1892 1702/532/1228
f 1103/526/1222 1636/988/1901 1012/772/1902
f 1636/988/1901 1637/773/1903 1012/772/1902
f 996/385/1904 1586/170/1900 1702/532/1228
f 1103/526/1222 1012/772/1902 1009/358/1905
f 1103/526/1222 1009/358/1905 1011/357/1906
f 996/385/1904 1702/532/1228 1101/338/1037
f 994/145/1907 996/385/1904 1101/338/1037
f 1715/328/1026 1103/526/1222 1011/357/1906
f 1715/328/1026 1011/357/1906 1646/329/1027
f 994/145/1907 1101/338/1037 997/146/1028
f 1101/338/1037 1715/328/1026 997/146/1028
f 947/265/941 944/150/912 946/320/1018
f 944/150/912 948/233/915 945/311/1011
f 940/330/1029 969/27/1884 1587/285/970
f 969/27/1884 972/218/906 1587/285/970
f 1652/972/1880 1653/326/1024 975/307/1007
f 1653/326/1024 1590/308/1008 961/315/1015
f 975/307/1007 1653/326/1024 976/24/1006
f 961/315/1015 960/316/1016 1653/326/1024
f 1685/564/1280 1684/332/1031 1102/331/1030
f 1684/332/1031 1986/527/1223 1716/333/1032
f 942/197/890 939/337/1036 941/198/891
f 939/337/1036 940/330/1029 941/198/891
f 1701/981/1890 1089/984/1893 878/386/1908
f 1089/984/1893 876/387/1896 878/386/1908
f 1636/988/1901 1103/526/1222 1713/513/1212
f 868/324/1022 1636/988/1901 1713/513/1212
f 1701/981/1890 878/386/1908 1580/989/1909
f 1701/981/1890 1580/989/1909 988/743/1910
f 868/324/1022 1713/513/1212 1097/512/1211
f 864/325/1023 868/324/1022 1097/512/1211
f 1091/990/1911 1701/981/1890 988/743/1910
f 1091/990/1911 988/743/1910 985/742/1912
f 864/325/1023 1097/512/1211 869/991/1913
f 1097/512/1211 1709/660/1349 869/991/1913
f 1704/978/1885 1091/990/1911 987/992/1914
f 1091/990/1911 985/742/1912 987/992/1914
f 1607/993/1915 869/991/1913 1709/660/1349
f 1005/78/1916 1606/967/1917 1607/993/1915
f 1005/78/1916 1607/993/1915 1709/660/1349
f 1704/978/1885 987/992/1914 1583/971/1918
f 1704/978/1885 1583/971/1918 858/963/1919
f 1005/78/1916 1709/660/1349 1093/659/1348
f 1003/79/1920 1005/78/1916 1093/659/1348
f 1095/517/1216 1704/978/1885 858/963/1919
f 1095/517/1216 858/963/1919 855/166/1921
f 1003/79/1920 1093/659/1348 1006/975/1922
f 1093/659/1348 1708/488/1191 1006/975/1922
f 1711/518/1217 1095/517/1216 857/165/1923
f 1095/517/1216 855/166/1921 857/165/1923
f 1600/976/1924 1006/975/1922 1708/488/1191
f 887/335/1034 1600/976/1924 1708/488/1191
f 1711/518/1217 857/165/1923 1576/994/1925
f 1711/518/1217 1576/994/1925 888/497/1926
f 887/335/1034 1708/488/1191 1099/336/1035
f 1711/518/1217 888/497/1926 1099/336/1035
f 888/497/1926 885/334/1033 1099/336/1035
f 952/256/935 949/42/951 951/314/1014
f 949/42/951 953/204/896 950/309/1009
f 939/337/1036 1647/321/1019 1653/326/1024
f 1653/326/1024 1652/972/1880 970/327/1025
f 970/327/1025 969/27/1884 1653/326/1024
f 969/27/1884 940/330/1029 1653/326/1024
f 1322/761/1927 1323/657/1927 1320/995/1927 1319/774/1927
f 1187/677/1928 1185/348/1928 1182/347/1928 1184/678/1928
f 1825/299/1929 1364/795/1929 1838/446/1929 2012/445/1929
f 1354/785/1930 1353/468/1930 1829/807/1930 1830/996/1930
f 1581/376/1931 1580/989/1931 878/386/1931 881/373/1931
f 1599/49/1932 1001/52/1323 1616/471/1322 1976/319/1932
f 1666/383/1067 981/60/1068 1579/132/1933 1982/431/1933
f 983/370/1054 1621/369/1053 1982/431/1933 1579/132/1933
f 1158/997/1934 1161/104/1935 1166/974/1936 1162/973/1937
f 1734/157/1938 1733/352/1938 852/156/1938 853/155/1938
f 1645/76/1939 998/73/1939 997/146/1939 1646/329/1939
f 1294/608/1940 1291/998/1940 1793/999/1940 1792/605/1940
f 986/82/1941 990/71/1941 987/992/1941 985/742/1941
f 995/72/1942 999/172/1942 996/385/1942 994/145/1942
f 1637/773/1943 863/323/1943 867/66/1943 1638/379/1943
f 1577/89/1944 1576/994/1944 857/165/1944 860/86/1944
f 1581/376/1945 989/83/1945 988/743/1945 1580/989/1945
f 1893/441/1110 2022/503/1684 1429/439/1108
f 2022/503/1684 1901/860/1682 1429/439/1108
f 1688/576/1302 1689/478/1185 1092/477/1184
f 1689/478/1185 1991/500/1202 1699/479/1186
f 1839/91/1946 1840/90/1946 1163/1000/1946 1162/973/1946
f 1879/793/1947 1880/38/1947 1177/979/1947 1181/985/1947
f 1779/986/1948 1163/1000/1948 1840/90/1948 2015/453/1948
f 1676/466/1133 1677/465/1132 1096/482/1188
f 1677/465/1132 1985/529/1225 1706/483/1189
f 1791/674/1949 1790/1001/1949 1290/770/1949 1293/625/1949
f 1697/547/1246 1698/492/1195 1098/491/1194
f 1698/492/1195 1988/533/1229 1710/493/1196
f 1277/596/1950 1273/496/1950 1272/60/1950
f 1180/522/1951 1781/748/1951 1780/1002/1951 1176/523/1951
f 1313/599/1952 1813/49/1953 1812/317/1953 1318/1003/1954
f 1272/60/1955 1788/132/1955 1789/597/1955 1277/596/1955
f 1300/499/1956 1796/498/1864 1795/964/1864 1296/1004/1957
f 1158/997/1958 1159/118/1958 1164/593/1958 1160/592/1958
f 1299/99/1959 1300/499/1956 1296/1004/1957 1295/1005/1960
f 1179/640/1961 1175/521/1961 1173/524/1961 1174/980/1961
f 1137/1006/1962 1133/1007/1963 1129/1008/1964 1132/155/1965
f 1777/101/1966 1161/104/1966 1165/750/1966 1778/663/1966
f 1150/1009/1967 1774/135/1967 1773/638/1967 1155/754/1967
f 1814/590/1968 1286/768/1968 1281/127/1968 1813/49/1968
f 1807/47/1969 1311/53/1897 1315/671/1897 1808/670/1969
f 1161/104/1970 1158/997/1970 1160/592/1970 1165/750/1970
f 1288/480/1971 1284/1010/1972 1280/1011/1973 1283/370/1971
f 1297/649/1974 1302/667/1974 1298/46/1974 1295/1005/1974
f 1310/600/1898 1313/599/1952 1318/1003/1954 1314/987/1899
f 1980/445/1872 1627/475/1975 854/105/1976 1574/101/1872
f 1311/53/1977 1807/47/1977 1806/669/1977 1316/661/1977
f 1178/769/1887 1784/753/1978 1785/107/1978 1174/980/1888
f 1282/747/1979 1287/644/1979 1283/370/1979 1280/1011/1979
f 1284/1010/1972 1285/318/1980 1281/127/1981 1280/1011/1973
f 1135/664/1982 1131/665/1982 1129/1008/1982 1130/1012/1982
f 1303/100/1983 1299/99/1959 1295/1005/1960 1298/46/1984
f 1813/49/1985 1313/599/1985 1317/591/1985 1814/590/1985
f 1787/481/1986 1288/480/1971 1283/370/1971 1788/132/1986
f 1275/494/1197 1273/496/1199 1274/1013/1987 1279/752/1987
f 1786/639/1988 1179/640/1988 1174/980/1988 1785/107/1988
f 1775/1014/1989 1137/1006/1962 1132/155/1965 1774/135/1989
f 1156/588/1990 1152/122/1990 1151/589/1990
f 1605/363/1991 1606/967/1991 1005/78/1991 1008/81/1991
f 1284/1010/1992 1834/138/1992 1833/137/1992 1285/318/1992
f 1133/1007/1993 1842/808/1993 1841/475/1993 1134/1015/1993
f 1785/107/1994 1274/1013/1994 1278/650/1994 1786/639/1994
f 1694/441/1265 1088/744/1462 1695/501/1203
f 1088/744/1462 1699/479/1186 1695/501/1203
f 1685/564/1280 1102/331/1030 1686/504/1206
f 1102/331/1030 1703/502/1204 1686/504/1206
f 1679/584/1310 1680/506/1208 1104/505/1207
f 1680/506/1208 1987/536/1232 1714/507/1209
f 1153/1016/1995 1157/965/1995 1884/121/1995 1883/811/1995
f 1001/52/1996 1725/51/1996 1724/55/1996 1000/54/1996
f 1976/319/1932 1619/137/851 984/127/850 1599/49/1932
f 1149/508/1997 1147/604/1997 1144/763/1997 1146/509/1997
f 1793/999/1998 1139/1017/1998 1142/682/1998 1792/605/1998
f 1706/483/1189 1092/477/1184 1090/1018/1999 1705/535/1231
f 1691/545/1244 1100/490/1193 1690/515/1214
f 1100/490/1193 1707/489/1192 1690/515/1214
f 1700/982/1891 1090/1018/1999 1092/477/1184 1699/479/1186
f 1676/466/1133 1096/482/1188 1675/520/1219
f 1096/482/1188 1712/516/1215 1675/520/1219
f 872/129/875 1573/135/1612 1978/451/1612 1672/164/876
f 1835/369/2000 1834/138/2000 1284/1010/2000 1288/480/2000
f 1775/1014/2001 1154/1019/2001 1882/966/2001 2010/451/2001
f 1682/115/831 1683/114/830 1094/525/1221
f 1683/114/830 1989/514/1213 1707/489/1192
f 1699/479/1186 1088/744/1462 1087/983/1892 1700/982/1891
f 1679/584/1310 1104/505/1207 1678/528/1224
f 1104/505/1207 1716/333/1032 1678/528/1224
f 1688/576/1302 1092/477/1184 1687/530/1226
f 1092/477/1184 1706/483/1189 1687/530/1226
f 1691/545/1244 1692/531/1227 1100/490/1193
f 1692/531/1227 1984/519/1218 1712/516/1215
f 1702/532/1228 1087/983/1892 1088/744/1462 1703/502/1204
f 1682/115/831 1094/525/1221 1681/534/1230
f 1094/525/1221 1710/493/1196 1681/534/1230
f 1708/488/1191 1093/659/1348 1094/525/1221 1707/489/1192
f 1697/547/1246 1098/491/1194 1696/537/1233
f 1098/491/1194 1714/507/1209 1696/537/1233
f 977/253/930 976/24/1006 1650/254/931
f 976/24/1006 960/316/1016 1650/254/931
f 1307/611/2002 1304/610/2002 1306/1020/2002 1309/651/2002
f 1815/679/2003 1320/995/2003 1323/657/2003 1816/656/2003
f 1577/89/2004 889/151/2004 888/497/2004 1576/994/2004
f 1820/732/2005 1324/731/2005 1321/775/2005 1821/1021/2005
f 1889/643/1339 2018/839/1649 1447/641/1337
f 2018/839/1649 1911/878/1714 1447/641/1337
f 1100/490/1193 1712/516/1215 1711/518/1217 1099/336/1035
f 1829/807/2006 1828/672/2006 1315/671/2006 1314/987/2006
f 1787/481/2007 1276/495/2007 1876/777/2007 2014/431/2007
f 1820/732/2008 1821/1021/2008 1145/762/2008 1148/614/2008
f 1170/619/2009 1171/630/2009 1168/741/2009 1167/620/2009
f 1141/683/2010 1142/682/2010 1139/1017/2010 1138/756/2010
f 1797/632/2011 1309/651/2011 1306/1020/2011 1798/740/2011
f 1257/1022/2012 1249/737/1451 1248/26/791
f 1248/26/791 1240/739/1454 1237/337/1453
f 1237/337/1453 1264/27/792 1248/26/791
f 1264/27/792 1263/736/1450 1267/24/789
f 1263/736/1450 1268/738/1452 1267/24/789
f 1267/24/789 1253/746/1464 1244/44/804
f 1244/44/804 1258/25/790 1267/24/789
f 1258/25/790 1257/1022/2012 1248/26/791
f 1265/218/1371 1262/689/1370 1264/27/792
f 1262/689/1370 1266/699/1383 1263/736/1450
f 1249/737/1451 1257/1022/2012 1802/701/1387
f 1257/1022/2012 1260/702/1388 1802/701/1387
f 1270/729/1431 1267/24/789 1269/728/1428
f 1267/24/789 1268/738/1452 1269/728/1428
f 1271/274/1426 1268/738/1452 1863/698/1382
f 1268/738/1452 1263/736/1450 1863/698/1382
f 1265/218/1371 1264/27/792 1799/285/1442
f 1264/27/792 1237/337/1453 1239/673/1359
f 1799/285/1442 1264/27/792 1239/673/1359
f 1237/337/1453 1238/197/1397 1236/198/1356
f 1240/739/1454 1248/26/791 1243/143/854
f 1248/26/791 1251/712/1405 1861/124/855
f 1243/143/854 1248/26/791 1861/124/855
f 1243/143/854 1241/150/862 1240/739/1454
f 1404/1023/2013 1887/968/1875 2020/880/1721
f 1895/547/1711 2019/853/1672 1146/509/2014
f 2019/853/1672 1886/837/1647 1326/970/2015
f 1895/547/1711 1146/509/2014 1404/1023/2013
f 1886/837/1647 2018/839/1649 1327/487/2016
f 2018/839/1649 1889/643/1339 1305/609/1456
f 1859/1024/2017 2018/839/1649 1305/609/1456
f 1889/643/1339 2022/503/1684 1306/1020/2018
f 2022/503/1684 1893/441/1110 1168/741/2019
f 1798/740/2020 2022/503/1684 1168/741/2019
f 1321/775/2021 1319/774/2022 1888/969/1876 1887/968/1875
f 1894/876/1710 1403/1025/2023 1790/1001/2024
f 1403/1025/2023 1290/770/2025 1790/1001/2024
f 1404/1023/2013 2020/880/1721 1895/547/1711
f 1146/509/2014 1144/763/2026 1404/1023/2013
f 1850/510/2027 1146/509/2014 2019/853/1672
f 1850/510/2027 2019/853/1672 1326/970/2015
f 1894/876/1710 1790/1001/2024 1169/621/2028
f 1893/441/1110 1167/620/2029 1168/741/2019
f 1325/486/2030 1326/970/2015 1886/837/1647
f 1327/487/2016 1325/486/2030 1886/837/1647
f 2022/503/1684 1798/740/2020 1306/1020/2018
f 1859/1024/2017 1327/487/2016 2018/839/1649
f 1889/643/1339 1306/1020/2018 1304/610/1455
f 1294/608/2031 1292/622/2031 1289/771/2031 1291/998/2031
f 1850/510/2032 1326/970/2032 1329/767/2032 1851/511/2032
f 1403/1025/2023 1894/876/1710 2023/500/2033
f 1891/478/1678 1890/576/1677 1403/1025/2023
f 1890/576/1677 2017/529/1725 1291/998/2034
f 2017/529/1725 1885/466/1655 1139/1017/2035
f 1885/466/1655 2016/519/1657 1140/757/2036
f 1138/756/2037 1885/466/1655 1140/757/2036
f 2016/519/1657 1892/545/1458 1183/346/1460
f 1892/545/1458 2021/514/1622 1184/678/2038
f 1182/347/1459 1892/545/1458 1184/678/2038
f 2021/514/1622 1888/969/1876 1320/995/2039
f 865/391/2040 861/322/1020 864/325/1023 869/991/1913
f 1320/995/2039 1888/969/1876 1319/774/2022
f 1404/1023/2013 1144/763/2026 1145/762/2041
f 1404/1023/2013 1145/762/2041 1887/968/1875
f 1145/762/2041 1821/1021/2042 1887/968/1875
f 1403/1025/2023 2023/500/2033 1891/478/1678
f 1291/998/2034 1289/771/2043 1890/576/1677
f 1887/968/1875 1821/1021/2042 1321/775/2021
f 1793/999/2044 1291/998/2034 2017/529/1725
f 1139/1017/2035 1793/999/2044 2017/529/1725
f 1138/756/2037 1139/1017/2035 1885/466/1655
f 2021/514/1622 1320/995/2039 1815/679/2045
f 2021/514/1622 1815/679/2045 1184/678/2038
f 1782/1026/2046 1140/757/2036 2016/519/1657
f 1183/346/1460 1782/1026/2046 2016/519/1657
f 1260/702/1388 1257/1022/2012 1259/685/1365
f 1257/1022/2012 1258/25/790 1259/685/1365
f 1237/337/1453 1240/739/1454 1860/306/1438
f 1240/739/1454 1242/149/861 1860/306/1438
f 1161/104/1935 1777/101/2047 1776/977/2047 1166/974/1936
f 1606/967/1917 865/391/2040 869/991/1913 1607/993/1915
f 1694/441/1265 1693/557/1264 1088/744/1462
f 1693/557/1264 1990/503/1205 1703/502/1204
f 1251/712/1405 1248/26/791 1250/714/1409
f 1248/26/791 1249/737/1451 1250/714/1409
f 1253/746/1464 1267/24/789 1256/707/1392
f 1267/24/789 1270/729/1431 1862/254/1394
f 1256/707/1392 1267/24/789 1862/254/1394
f 1256/707/1392 1254/211/1379 1253/746/1464
f 1578/107/1871 980/110/1066 1668/382/1065 1981/423/1871
f 2008/319/2048 1830/996/2048 1318/1003/2048 1812/317/2048
f 1275/494/2049 1279/752/2049 1878/382/2049 1877/381/2049
f 1177/979/2050 1880/38/2050 1881/384/2050 1178/769/2050
f 2009/408/2051 1884/121/2051 1157/965/2051 1796/498/2051
f 1783/617/2052 1782/1026/2052 1183/346/2052 1186/349/2052
f 1783/617/2053 1143/626/2053 1140/757/2053 1782/1026/2053
f 1883/811/2054 1882/966/2054 1154/1019/2054 1153/1016/2054
f 1843/1027/2055 1842/808/2055 1133/1007/2055 1137/1006/2055
f 1843/1027/2056 1137/1006/2056 1775/1014/2056 2010/451/2056
f 1314/987/2057 1318/1003/2057 1830/996/2057 1829/807/2057
f 1299/99/2058 1874/98/2058 1873/112/2058 1300/499/2058
f 1776/977/2059 1134/1015/2059 1841/475/2059 2012/445/2059
f 1791/674/2060 1172/618/2060 1169/621/2060 1790/1001/2060
f 1007/176/2061 1004/80/2061 1003/79/2061 1006/975/2061
f 862/67/2062 867/66/2062 863/323/2062 861/322/2062
f 1600/976/2063 887/335/2063 890/368/2063 1601/173/2063
f 1858/759/2064 1859/1024/2064 1305/609/2064 1308/612/2064
f 1155/754/2065 1151/589/2065 1150/1009/2065
f 1136/635/2066 1773/638/2066 1774/135/2066 1132/155/2066
f 1274/1013/2067 1785/107/1978 1784/753/1978 1279/752/2067
f 1287/644/2068 1789/597/2068 1788/132/2068 1283/370/2068
f 1310/600/2069 1311/53/2069 1316/661/2069 1312/601/2069
f 1133/1007/1963 1134/1015/2070 1130/1012/2071 1129/1008/1964
f 1286/768/2072 1282/747/2072 1280/1011/2072 1281/127/2072
f 1795/964/2073 1152/122/2073 1156/588/2073 1794/751/2073
f 1774/135/1989 1150/1009/2074 1154/1019/2074 1775/1014/1989
f 1778/663/2075 1135/664/2075 1130/1012/2075 1777/101/2075
f 1779/986/2076 1181/985/2077 1176/523/2078 1780/1002/2076
f 1301/646/2079 1297/649/2079 1295/1005/2079 1296/1004/2079
f 1159/118/2080 1158/997/1934 1162/973/1937 1163/1000/2080
f 863/323/1021 1637/773/1903 1636/988/1901 868/324/1022
f 1877/381/2081 1876/777/2081 1276/495/2081 1275/494/2081
f 1302/667/2082 1806/669/2082 1807/47/2082 1298/46/2082
f 1285/318/1980 1812/317/1953 1813/49/1953 1281/127/1981
f 1159/118/2083 1780/1002/2083 1781/748/2083 1164/593/2083
f 1134/1015/2070 1776/977/2047 1777/101/2047 1130/1012/2071
f 1131/665/2084 1136/635/2084 1132/155/2084 1129/1008/2084
f 1169/621/2028 1167/620/2029 1893/441/1110 1894/876/1710
f 1181/985/2077 1177/979/1886 1173/524/1889 1176/523/2078
f 1780/1002/2076 1159/118/2080 1163/1000/2080 1779/986/2076
f 1153/1016/2085 1154/1019/2086 1150/1009/2086 1151/589/2087
f 1794/751/2088 1301/646/2088 1296/1004/2088 1795/964/2088
f 1808/670/1969 1303/100/1983 1298/46/1984 1807/47/1969
f 1278/650/2089 1274/1013/2089 1273/496/2089
f 1372/791/2090 1371/401/2090 1842/808/2090 1843/1027/2090
f 1824/422/2091 2013/423/2091 1881/384/2091 1381/421/2091
f 2011/399/2092 1828/672/2092 1357/794/2092 1817/398/2092
f 2010/451/2093 1809/806/2093 1372/791/2093 1843/1027/2093
f 2014/431/2094 1866/432/2094 1336/802/2094 1835/369/2094
f 1803/353/2095 1354/785/2095 1830/996/2095 2008/319/2095
f 1399/800/2096 1398/350/2096 1874/98/2096 1875/62/2096
f 1825/299/2097 2012/445/2097 1841/475/2097 1375/402/2097
f 1869/406/2098 2009/408/2098 1873/112/2098 1402/351/2098
f 1882/966/2099 1883/811/2099 1344/442/2099 1348/801/2099
f 1824/422/2100 1390/419/2100 1878/382/2100 2013/423/2100
f 1869/406/2101 1345/407/2101 1884/121/2101 2009/408/2101
f 880/97/2102 877/378/2102 876/387/2102 879/169/2102
f 886/388/2103 890/368/2103 887/335/2103 885/334/2103
f 1583/971/2104 987/992/2104 990/71/2104 1582/70/2104
f 1454/852/1671 1458/819/1621 1892/545/1458
f 1458/819/1621 1908/857/1676 2021/514/1622
f 1436/840/1650 1440/838/1648 1886/837/1647
f 1440/838/1648 1911/878/1714 2018/839/1649
f 1472/868/1697 1476/844/1656 1885/466/1655
f 1476/844/1656 1902/859/1680 2016/519/1657
f 1436/840/1650 1886/837/1647 1437/855/1674
f 1886/837/1647 2019/853/1672 1437/855/1674
f 2023/500/2033 1931/582/1308 1419/581/1307 1891/478/1678
f 1442/642/1338 1446/861/1683 1889/643/1339
f 1446/861/1683 1901/860/1682 2022/503/1684
f 1244/44/804 1253/746/1464 1801/716/1412
f 1253/746/1464 1255/289/1378 1801/716/1412
f 2023/500/2033 1894/876/1710 1428/579/1305 1931/582/1308
f 1463/879/1720 1467/877/1712 1895/547/1711
f 1467/877/1712 1905/854/1673 2019/853/1672
f 1858/759/2105 1330/484/2105 1327/487/2105 1859/1024/2105
f 1463/879/1720 1895/547/1711 1464/841/1652
f 1895/547/1711 2020/880/1721 1464/841/1652
f 1472/868/1697 1885/466/1655 1473/815/1617
f 1885/466/1655 2017/529/1725 1473/815/1617
f 1409/883/1728 1888/969/1876 1410/881/1726
f 1888/969/1876 2021/514/1622 1410/881/1726
f 1418/813/1615 1422/812/1614 1890/576/1677
f 1422/812/1614 1898/816/1618 2017/529/1725
f 1454/852/1671 1892/545/1458 1455/858/1679
f 1892/545/1458 2016/519/1657 1455/858/1679
f 1328/485/2106 1330/484/2106 1752/764/2106 1753/765/2106
f 1651/266/943 973/267/946 970/327/1025 1652/972/1880
f 2020/880/1721 1887/968/1875 1413/882/1727 1928/842/1653
f 1462/548/1686 1467/877/1712 1463/879/1720 1459/862/1685
f 1528/945/2108 1950/944/2108 1951/936/2108 1524/937/2108
f 962/289/977 902/261/976 899/212/900 959/211/899
f 1671/384/2110 1981/423/2110 1610/422/2110 1065/421/2110
f 1228/148/860 1846/695/1439 1860/306/1438 1242/149/861
f 1029/407/2111 1674/121/2111 1673/120/2111 1025/442/2111
f 1016/394/2112 1020/448/2112 1621/369/2112 1620/138/2112
f 1597/458/2113 1596/450/2113 1056/449/2113 1055/457/2113
f 1709/660/1349 1097/512/1211 1098/491/1194 1710/493/1196
f 1713/513/1212 1103/526/1222 1104/505/1207 1714/507/1209
f 1788/132/1986 1272/60/2114 1276/495/2114 1787/481/1986
f 1403/1025/2023 1890/576/1677 1289/771/2043 1290/770/2025
f 1153/1016/2085 1151/589/2087 1152/122/2115 1157/965/2115
f 964/241/922 905/240/921 907/290/983 968/292/982
f 1950/944/2116 1970/88/2116 1549/87/2116 1482/940/2116
f 1478/941/2117 1550/141/2117 1551/140/2117 1483/954/2117
f 925/195/889 1632/200/1003 1648/306/1002 942/197/890
f 1618/188/2123 910/224/2123 1048/227/2123 1660/187/2123
f 922/194/2125 1066/286/2125 1608/223/2125 1633/199/2125
f 1705/535/1231 1090/1018/1999 1091/990/1911 1704/978/1885
f 1090/1018/1999 1700/982/1891 1701/981/1890 1091/990/1911
f 807/29/793 812/28/793 795/720/1417 792/719/1417
f 2079/1028/786 2068/1029/786 2084/1030/793 2095/1031/793
f 2069/1032/785 2074/1033/785 2092/1034/788 2086/1035/788
f 2080/1036/795 2064/1037/796 2077/1038/796 2094/1039/795
f 2089/1040/794 2072/1041/780 2071/1042/780 2081/1043/794
f 2081/1043/794 2066/1044/778 2075/1045/778 2089/1040/794
f 2084/1030/793 2067/1046/1417 2078/1047/1417 2095/1031/793
f 2087/1048/781 2071/1042/780 2072/1041/780 2088/1049/781
f 2090/1050/779 2075/1045/778 2066/1044/778 2085/1051/779
f 2093/1052/784 2083/1053/784 2068/1029/786 2079/1028/786
f 2094/1039/795 2078/1047/1417 2067/1046/1417 2080/1036/795
f 2082/1054/782 2065/1055/783 2076/1056/783 2091/1057/782
f 2092/1034/788 2076/1056/783 2065/1055/783 2086/1035/788
f 2088/1058/781 2077/1038/796 2064/1037/796 2087/1059/781
f 2074/1033/785 2069/1032/785 2083/1053/784 2093/1052/784
f 2091/1057/782 2073/1060/787 2070/1061/787 2082/1054/782
f 2085/1051/779 2070/1061/787 2073/1060/787 2090/1050/779
f 1627/475/1975 1628/153/864 852/156/867 854/105/1976
usemtl waterreflect
f 756/1/1 132/1/2 463/1/3 784/1/4
f 428/1/5 644/1/6 450/1/7 114/1/8
f 307/1/9 308/1/10 520/1/11 521/1/12
f 284/1/13 559/1/14 558/1/15 283/1/16
f 119/1/17 425/1/18 647/1/19 449/1/20
f 767/1/21 768/1/22 270/1/23 57/1/24
f 133/1/25 723/1/26 722/1/27 458/1/28
f 276/1/29 539/1/30 538/1/31 275/1/32
f 726/1/33 272/1/34 532/1/35 531/1/36
f 516/1/37 288/1/38 287/1/39 698/1/40
f 362/1/41 363/1/42 585/1/43 719/1/44
f 363/1/42 362/1/41 709/1/45 573/1/46
f 10/1/47 456/1/48 489/1/49 153/1/50
f 457/1/51 12/1/52 21/1/53 166/1/54
f 58/1/55 330/1/56 569/1/57 265/1/58
f 414/1/59 640/1/60 415/1/61 97/1/62
f 119/1/17 441/1/63 650/1/64 448/1/65
f 455/1/66 482/1/67 160/1/68 9/1/69
f 444/1/70 655/1/71 449/1/20 114/1/8
f 302/1/72 553/1/73 552/1/74 301/1/75
f 238/1/76 55/1/77 261/1/78 621/1/79
f 55/1/77 238/1/76 617/1/80 258/1/81
f 633/1/82 399/1/83 153/1/50 489/1/49
f 411/1/84 637/1/85 433/1/86 107/1/87
f 639/1/88 437/1/89 108/1/90 409/1/91
f 401/1/92 631/1/93 417/1/94 103/1/95
f 173/1/96 144/1/97 8/1/98 20/1/99
f 99/1/100 402/1/101 627/1/102 420/1/103
f 150/1/104 479/1/105 138/1/106 3/1/107
f 494/1/108 192/1/109 187/1/110 196/1/111
f 126/1/112 760/1/113 763/1/114 468/1/115
f 776/1/116 773/1/117 58/1/55 265/1/58
f 773/1/117 774/1/118 268/1/119 58/1/55
f 781/1/120 266/1/121 64/1/122 782/1/123
f 777/1/124 778/1/125 269/1/126 59/1/127
f 730/1/128 729/1/129 134/1/130 471/1/131
f 129/1/132 458/1/28 722/1/27 750/1/133
f 124/1/134 740/1/135 730/1/128 471/1/131
f 780/1/136 779/1/114 267/1/137 63/1/138
f 755/1/139 136/1/140 464/1/141 762/1/116
f 770/1/4 767/1/21 57/1/24 264/1/142
f 61/1/143 775/1/144 776/1/116 265/1/58
f 4/1/145 140/1/146 481/1/147 149/1/148
f 166/1/54 141/1/149 6/1/150 19/1/151
f 140/1/146 169/1/152 19/1/151 6/1/150
f 8/1/98 145/1/153 478/1/154 137/1/155
f 3/1/107 139/1/156 480/1/157 150/1/104
f 139/1/156 171/1/158 17/1/159 5/1/160
f 161/1/161 143/1/162 5/1/160 17/1/159
f 144/1/97 477/1/163 145/1/153 8/1/98
f 146/1/164 477/1/163 144/1/97 7/1/165
f 166/1/54 21/1/53 1/1/166 141/1/149
f 152/1/167 474/1/168 141/1/149 1/1/166
f 170/1/169 22/1/170 3/1/107 138/1/106
f 139/1/156 3/1/107 22/1/170 171/1/158
f 7/1/165 142/1/171 475/1/172 146/1/164
f 1/1/166 137/1/155 478/1/154 152/1/167
f 142/1/171 7/1/165 18/1/173 163/1/174
f 161/1/161 24/1/175 4/1/145 143/1/162
f 141/1/149 474/1/168 147/1/176 6/1/150
f 2/1/177 151/1/178 475/1/172 142/1/171
f 137/1/155 172/1/179 20/1/99 8/1/98
f 173/1/96 18/1/173 7/1/165 144/1/97
f 149/1/148 476/1/180 143/1/162 4/1/145
f 138/1/106 479/1/105 151/1/178 2/1/177
f 137/1/155 1/1/166 21/1/53 172/1/179
f 140/1/146 4/1/145 24/1/175 169/1/152
f 5/1/160 148/1/181 480/1/157 139/1/156
f 6/1/150 147/1/176 481/1/147 140/1/146
f 23/1/182 2/1/177 142/1/171 163/1/174
f 2/1/177 23/1/182 170/1/169 138/1/106
f 143/1/162 476/1/180 148/1/181 5/1/160
f 214/1/183 602/1/184 218/1/185 34/1/186
f 477/1/163 146/1/164 128/1/187 465/1/188
f 476/1/180 149/1/148 125/1/189 463/1/3
f 468/1/115 478/1/154 145/1/153 126/1/112
f 474/1/168 152/1/167 131/1/190 462/1/191
f 151/1/178 136/1/140 473/1/192 475/1/172
f 474/1/168 462/1/191 135/1/193 147/1/176
f 246/1/194 619/1/195 249/1/196 37/1/197
f 472/1/198 125/1/189 149/1/148 481/1/147
f 479/1/105 150/1/104 127/1/199 464/1/141
f 472/1/198 481/1/147 147/1/176 135/1/193
f 473/1/192 128/1/187 146/1/164 475/1/172
f 477/1/163 465/1/188 126/1/112 145/1/153
f 476/1/180 463/1/3 132/1/2 148/1/181
f 469/1/200 480/1/157 148/1/181 132/1/2
f 691/1/201 274/1/202 530/1/203 529/1/204
f 164/1/205 484/1/206 158/1/207 11/1/208
f 14/1/209 162/1/210 488/1/211 154/1/212
f 15/1/213 157/1/214 489/1/49 456/1/48
f 159/1/215 485/1/216 168/1/217 13/1/218
f 155/1/219 482/1/67 455/1/66 16/1/220
f 16/1/220 165/1/221 487/1/222 155/1/219
f 154/1/212 483/1/223 457/1/51 14/1/209
f 12/1/52 156/1/224 486/1/225 167/1/226
f 457/1/51 483/1/223 156/1/224 12/1/52
f 13/1/218 167/1/226 486/1/225 159/1/215
f 153/1/50 484/1/206 164/1/205 10/1/47
f 11/1/208 158/1/207 487/1/222 165/1/221
f 9/1/69 160/1/68 488/1/211 162/1/210
f 168/1/217 485/1/216 157/1/214 15/1/213
f 9/1/69 162/1/210 169/1/152 24/1/175
f 169/1/152 162/1/210 14/1/209 19/1/151
f 168/1/217 15/1/213 18/1/173 173/1/96
f 172/1/179 167/1/226 13/1/218 20/1/99
f 168/1/217 173/1/96 20/1/99 13/1/218
f 163/1/174 456/1/48 10/1/47 23/1/182
f 164/1/205 170/1/169 23/1/182 10/1/47
f 455/1/66 161/1/161 17/1/159 16/1/220
f 12/1/52 167/1/226 172/1/179 21/1/53
f 457/1/51 166/1/54 19/1/151 14/1/209
f 455/1/66 9/1/69 24/1/175 161/1/161
f 15/1/213 456/1/48 163/1/174 18/1/173
f 11/1/208 165/1/221 171/1/158 22/1/170
f 164/1/205 11/1/208 22/1/170 170/1/169
f 171/1/158 165/1/221 16/1/220 17/1/159
f 572/1/227 752/1/228 363/1/42 573/1/46
f 62/1/229 771/1/230 772/1/231 263/1/232
f 125/1/189 472/1/198 785/1/22 783/1/233
f 769/1/234 60/1/235 268/1/119 774/1/118
f 198/1/236 183/1/237 25/1/238
f 176/1/239 198/1/236 25/1/238
f 197/1/240 185/1/241 26/1/242
f 178/1/243 197/1/240 26/1/242
f 196/1/111 187/1/110 27/1/244
f 27/1/244 174/1/245 180/1/246
f 180/1/246 196/1/111 27/1/244
f 195/1/247 189/1/248 28/1/249
f 183/1/237 195/1/247 28/1/249
f 194/1/250 178/1/243 29/1/251
f 189/1/248 194/1/250 29/1/251
f 193/1/252 180/1/246 30/1/253
f 185/1/241 193/1/252 30/1/253
f 192/1/109 190/1/254 31/1/255
f 187/1/110 192/1/109 31/1/255
f 191/1/256 176/1/239 32/1/257
f 30/1/253 180/1/246 174/1/245
f 190/1/254 191/1/256 32/1/257
f 234/1/258 129/1/132 258/1/81 617/1/80
f 133/1/25 458/1/28 217/1/259
f 181/1/260 466/1/261 230/1/262 47/1/263
f 52/1/264 237/1/265 612/1/266 254/1/267
f 101/1/268 413/1/269 637/1/85 421/1/270
f 56/1/271 260/1/272 494/1/108 196/1/111
f 223/1/273 604/1/274 211/1/275 41/1/276
f 262/1/277 625/1/278 245/1/279 56/1/271
f 37/1/197 197/1/240 493/1/280 250/1/281
f 107/1/87 433/1/86 645/1/282 427/1/283
f 36/1/284 252/1/285 616/1/286 235/1/287
f 215/1/288 459/1/289 182/1/290 39/1/291
f 54/1/292 253/1/293 613/1/294 242/1/295
f 331/1/296 332/1/297 532/1/35 533/1/298
f 53/1/299 195/1/247 490/1/300 251/1/301
f 247/1/302 622/1/303 243/1/304 48/1/305
f 221/1/306 603/1/307 212/1/308 42/1/309
f 45/1/310 194/1/250 496/1/311 229/1/312
f 175/1/313 458/1/28 252/1/285 36/1/284
f 80/1/314 375/1/315 602/1/184 214/1/183
f 186/1/316 51/1/317 250/1/281 493/1/280
f 54/1/292 242/1/295 625/1/278 262/1/277
f 46/1/318 210/1/319 600/1/320 228/1/321
f 217/1/259 458/1/28 175/1/313 35/1/322
f 179/1/323 467/1/324 225/1/325 44/1/326
f 50/1/327 236/1/328 614/1/329 257/1/330
f 43/1/331 186/1/316 493/1/280 227/1/332
f 48/1/305 255/1/333 491/1/334 191/1/256
f 229/1/312 605/1/335 213/1/336 45/1/310
f 213/1/336 608/1/337 227/1/332 45/1/310
f 48/1/305 191/1/256 497/1/338 247/1/302
f 130/1/339 200/1/340 597/1/341 225/1/325
f 123/1/342 467/1/324 254/1/267
f 37/1/197 249/1/196 492/1/343 197/1/240
f 244/1/344 621/1/79 261/1/78 53/1/299
f 45/1/310 227/1/332 493/1/280 194/1/250
f 122/1/345 461/1/346 226/1/347
f 231/1/348 121/1/349 256/1/350 610/1/351
f 175/1/313 36/1/284 251/1/301 490/1/300
f 39/1/291 207/1/352 596/1/353 215/1/288
f 186/1/316 461/1/346 259/1/354 51/1/317
f 121/1/349 231/1/348 611/1/355 248/1/356
f 121/1/349 470/1/357 256/1/350
f 254/1/267 467/1/324 179/1/323 52/1/264
f 40/1/358 222/1/359 601/1/360 204/1/361
f 49/1/362 184/1/363 491/1/334 255/1/333
f 53/1/299 261/1/78 496/1/311 195/1/247
f 468/1/115 131/1/190 152/1/167 478/1/154
f 250/1/281 624/1/364 246/1/194 37/1/197
f 34/1/186 218/1/185 490/1/300 198/1/236
f 39/1/291 182/1/290 497/1/338 216/1/365
f 35/1/322 203/1/366 598/1/367 217/1/259
f 182/1/290 459/1/289 248/1/356 38/1/368
f 177/1/369 471/1/131 222/1/359 40/1/358
f 49/1/362 240/1/370 610/1/351 256/1/350
f 237/1/265 52/1/264 260/1/272 620/1/371
f 124/1/134 233/1/372 615/1/373 259/1/354
f 124/1/134 471/1/131 257/1/330
f 86/1/374 236/1/328 619/1/195 392/1/375
f 251/1/301 618/1/376 244/1/344 53/1/299
f 219/1/377 607/1/378 214/1/183 34/1/186
f 231/1/348 610/1/351 384/1/379 81/1/380
f 50/1/327 177/1/369 492/1/343 249/1/196
f 33/1/381 220/1/382 599/1/383 208/1/384
f 257/1/330 471/1/131 177/1/369 50/1/327
f 177/1/369 40/1/358 221/1/306 492/1/343
f 47/1/263 230/1/262 594/1/385 206/1/386
f 184/1/363 470/1/357 220/1/382 33/1/381
f 122/1/345 199/1/387 594/1/385 230/1/262
f 130/1/339 459/1/289 215/1/288
f 122/1/345 466/1/261 751/1/388 753/1/389
f 404/1/390 158/1/207 484/1/206 628/1/391
f 188/1/392 460/1/393 253/1/293 54/1/292
f 38/1/368 248/1/356 611/1/355 239/1/394
f 51/1/317 241/1/395 624/1/364 250/1/281
f 498/1/396 306/1/397 305/1/398 666/1/399
f 84/1/400 390/1/401 88/1/402 85/1/403
f 226/1/347 461/1/346 186/1/316 43/1/331
f 56/1/271 196/1/111 495/1/404 262/1/277
f 212/1/308 609/1/405 224/1/406 42/1/309
f 245/1/279 620/1/371 260/1/272 56/1/271
f 34/1/186 198/1/236 491/1/334 219/1/377
f 129/1/132 466/1/261 258/1/81
f 201/1/407 133/1/25 217/1/259 598/1/367
f 228/1/321 460/1/393 188/1/392 46/1/318
f 51/1/317 259/1/354 615/1/373 241/1/395
f 35/1/322 175/1/313 490/1/300 218/1/185
f 44/1/326 205/1/408 604/1/274 223/1/273
f 44/1/326 225/1/325 597/1/341 205/1/408
f 256/1/350 470/1/357 184/1/363 49/1/362
f 41/1/276 216/1/365 497/1/338 192/1/109
f 211/1/275 606/1/409 216/1/365 41/1/276
f 243/1/304 623/1/410 255/1/333 48/1/305
f 41/1/276 192/1/109 494/1/108 223/1/273
f 355/1/411 593/1/412 267/1/137 64/1/122
f 64/1/122 266/1/121 581/1/413 355/1/411
f 267/1/137 593/1/412 343/1/414 63/1/138
f 62/1/229 263/1/232 545/1/415 282/1/416
f 294/1/417 510/1/418 269/1/126 61/1/143
f 61/1/143 265/1/58 569/1/57 294/1/417
f 107/1/87 435/1/419 641/1/420 411/1/84
f 63/1/138 343/1/414 545/1/415 263/1/232
f 270/1/23 522/1/421 342/1/422 57/1/24
f 269/1/126 510/1/418 318/1/423 59/1/127
f 282/1/416 522/1/421 270/1/23 62/1/229
f 60/1/235 264/1/142 557/1/424 306/1/397
f 306/1/397 498/1/396 268/1/119 60/1/235
f 130/1/339 735/1/425 734/1/426 459/1/289
f 134/1/130 460/1/393 228/1/321
f 296/1/427 547/1/428 546/1/429 295/1/430
f 532/1/35 272/1/34 271/1/431 533/1/298
f 353/1/432 535/1/433 725/1/434 352/1/435
f 732/1/436 284/1/13 520/1/11 519/1/437
f 298/1/438 549/1/439 548/1/440 297/1/441
f 506/1/442 298/1/438 297/1/441 739/1/443
f 708/1/444 517/1/445 518/1/446 310/1/447
f 709/1/45 708/1/444 310/1/447 573/1/46
f 574/1/448 721/1/449 361/1/450 575/1/451
f 681/1/452 302/1/72 502/1/453 501/1/454
f 706/1/455 300/1/456 504/1/457 503/1/458
f 564/1/459 565/1/460 326/1/461 325/1/462
f 514/1/463 290/1/464 289/1/465 701/1/466
f 302/1/72 681/1/452 680/1/467 553/1/73
f 678/1/468 290/1/464 514/1/463 513/1/469
f 280/1/470 543/1/471 542/1/472 279/1/473
f 578/1/474 689/1/475 357/1/476 579/1/477
f 292/1/478 662/1/479 661/1/480 567/1/481
f 667/1/482 511/1/483 512/1/484 316/1/485
f 343/1/414 671/1/486 544/1/487 545/1/415
f 510/1/418 294/1/417 293/1/488 663/1/489
f 134/1/130 729/1/129 728/1/490 460/1/393
f 129/1/132 750/1/133 751/1/388 466/1/261
f 272/1/34 535/1/433 534/1/491 271/1/431
f 520/1/11 284/1/13 283/1/16 521/1/12
f 742/1/492 519/1/437 520/1/11 308/1/10
f 572/1/227 573/1/46 310/1/447 309/1/493
f 530/1/203 274/1/202 273/1/494 727/1/495
f 351/1/496 537/1/497 690/1/498 350/1/499
f 712/1/500 505/1/501 506/1/442 322/1/502
f 349/1/503 718/1/504 538/1/31 539/1/30
f 288/1/38 563/1/505 562/1/506 287/1/39
f 747/1/507 531/1/36 532/1/35 332/1/297
f 700/1/508 288/1/38 516/1/37 515/1/509
f 347/1/510 716/1/511 540/1/512 541/1/513
f 337/1/514 338/1/515 526/1/516 695/1/517
f 290/1/464 678/1/468 677/1/518 565/1/460
f 589/1/519 347/1/510 346/1/520 688/1/521
f 304/1/522 555/1/523 554/1/524 303/1/525
f 512/1/484 292/1/478 291/1/526 679/1/527
f 659/1/528 280/1/470 524/1/529 523/1/530
f 347/1/510 541/1/513 674/1/531 346/1/520
f 121/1/349 746/1/532 724/1/533 470/1/357
f 570/1/534 571/1/535 308/1/10 307/1/9
f 354/1/536 353/1/432 583/1/537 582/1/538
f 743/1/539 742/1/492 308/1/10 571/1/535
f 364/1/540 365/1/541 583/1/537 749/1/542
f 664/1/543 670/1/544 340/1/545 555/1/523
f 321/1/546 322/1/502 506/1/442 739/1/443
f 323/1/547 324/1/548 504/1/457 704/1/549
f 345/1/550 687/1/551 542/1/472 543/1/471
f 718/1/504 349/1/503 587/1/552 586/1/553
f 300/1/456 551/1/554 550/1/555 299/1/556
f 361/1/450 360/1/557 711/1/558 575/1/451
f 715/1/559 527/1/560 528/1/561 336/1/562
f 716/1/511 347/1/510 589/1/519 588/1/563
f 680/1/467 686/1/564 338/1/515 553/1/73
f 358/1/565 359/1/566 589/1/519 688/1/521
f 554/1/524 555/1/523 340/1/545 339/1/567
f 524/1/529 280/1/470 279/1/473 676/1/568
f 306/1/397 557/1/424 556/1/569 305/1/398
f 294/1/417 569/1/57 568/1/570 293/1/488
f 671/1/486 343/1/414 593/1/412 592/1/571
f 123/1/342 744/1/572 736/1/573 467/1/324
f 728/1/490 744/1/572 123/1/342 460/1/393
f 319/1/574 320/1/575 508/1/576 509/1/577
f 583/1/537 353/1/432 352/1/435 749/1/542
f 272/1/34 726/1/33 725/1/434 535/1/433
f 748/1/578 351/1/496 585/1/43 584/1/579
f 548/1/440 549/1/439 334/1/580 333/1/581
f 286/1/582 697/1/583 696/1/584 561/1/585
f 274/1/202 691/1/201 690/1/498 537/1/497
f 721/1/449 586/1/553 587/1/552 361/1/450
f 694/1/586 276/1/29 528/1/561 527/1/560
f 711/1/558 710/1/587 312/1/588 575/1/451
f 290/1/464 565/1/460 564/1/459 289/1/465
f 278/1/589 541/1/513 540/1/512 277/1/590
f 359/1/566 358/1/565 684/1/591 577/1/592
f 327/1/593 328/1/594 500/1/595 682/1/596
f 566/1/597 567/1/481 328/1/594 327/1/593
f 591/1/598 345/1/550 344/1/599 672/1/600
f 345/1/550 543/1/471 658/1/601 344/1/599
f 673/1/602 592/1/571 593/1/412 355/1/411
f 282/1/416 545/1/415 544/1/487 281/1/603
f 300/1/456 706/1/455 705/1/604 551/1/554
f 734/1/426 746/1/532 121/1/349 459/1/289
f 366/1/605 582/1/538 583/1/537 365/1/541
f 546/1/429 547/1/428 332/1/297 331/1/296
f 284/1/13 732/1/436 731/1/606 559/1/14
f 731/1/606 745/1/607 320/1/575 559/1/14
f 136/1/140 151/1/178 479/1/105 464/1/141
f 351/1/496 748/1/578 536/1/608 537/1/497
f 702/1/609 714/1/610 334/1/580 549/1/439
f 696/1/584 712/1/500 322/1/502 561/1/585
f 311/1/611 312/1/588 516/1/37 698/1/40
f 574/1/448 575/1/451 312/1/588 311/1/611
f 710/1/587 515/1/509 516/1/37 312/1/588
f 699/1/612 713/1/613 324/1/548 563/1/505
f 365/1/541 364/1/540 743/1/539 571/1/535
f 686/1/564 525/1/614 526/1/516 338/1/515
f 677/1/518 685/1/615 326/1/461 565/1/460
f 689/1/475 590/1/616 591/1/598 357/1/476
f 578/1/474 579/1/477 316/1/485 315/1/617
f 665/1/618 304/1/522 500/1/595 499/1/619
f 661/1/480 669/1/620 328/1/594 567/1/481
f 522/1/421 282/1/416 281/1/603 660/1/621
f 580/1/622 581/1/413 318/1/423 317/1/623
f 736/1/573 735/1/425 130/1/339 467/1/324
f 741/1/624 740/1/135 124/1/134 461/1/346
f 570/1/534 366/1/605 365/1/541 571/1/535
f 502/1/453 302/1/72 301/1/75 707/1/625
f 752/1/228 584/1/579 585/1/43 363/1/42
f 560/1/626 561/1/585 322/1/502 321/1/546
f 298/1/438 703/1/627 702/1/609 549/1/439
f 504/1/457 300/1/456 299/1/556 704/1/549
f 335/1/628 336/1/562 528/1/561 692/1/629
f 713/1/613 503/1/458 504/1/457 324/1/548
f 349/1/503 539/1/30 693/1/630 348/1/631
f 526/1/516 278/1/589 277/1/590 695/1/517
f 552/1/74 553/1/73 338/1/515 337/1/514
f 683/1/632 513/1/469 514/1/463 314/1/633
f 278/1/589 675/1/634 674/1/531 541/1/513
f 500/1/595 304/1/522 303/1/525 682/1/596
f 662/1/479 292/1/478 512/1/484 511/1/483
f 280/1/470 659/1/528 658/1/601 543/1/471
f 329/1/635 330/1/56 498/1/396 666/1/399
f 580/1/622 673/1/602 355/1/411 581/1/413
f 469/1/200 127/1/199 150/1/104 480/1/157
f 57/1/24 342/1/422 557/1/424 264/1/142
f 371/1/636 67/1/637 69/1/638 74/1/639
f 724/1/533 723/1/26 133/1/25 470/1/357
f 668/1/640 667/1/482 316/1/485 579/1/477
f 356/1/641 357/1/476 591/1/598 672/1/600
f 339/1/567 340/1/545 524/1/529 676/1/568
f 304/1/522 665/1/618 664/1/543 555/1/523
f 684/1/591 683/1/632 314/1/633 577/1/592
f 675/1/634 278/1/589 526/1/516 525/1/614
f 576/1/642 720/1/643 359/1/566 577/1/592
f 313/1/644 314/1/633 514/1/463 701/1/466
f 276/1/29 694/1/586 693/1/630 539/1/30
f 587/1/552 349/1/503 348/1/631 717/1/645
f 562/1/506 563/1/505 324/1/548 323/1/547
f 703/1/627 298/1/438 506/1/442 505/1/501
f 697/1/583 286/1/582 518/1/446 517/1/445
f 286/1/582 561/1/585 560/1/626 285/1/646
f 333/1/581 334/1/580 530/1/203 727/1/495
f 296/1/427 738/1/647 737/1/648 547/1/428
f 745/1/607 507/1/649 508/1/576 320/1/575
f 558/1/15 559/1/14 320/1/575 319/1/574
f 508/1/576 296/1/427 295/1/430 509/1/577
f 59/1/127 318/1/423 581/1/413 266/1/121
f 268/1/119 498/1/396 330/1/56 58/1/55
f 317/1/623 318/1/423 510/1/418 663/1/489
f 568/1/570 569/1/57 330/1/56 329/1/635
f 669/1/620 499/1/619 500/1/595 328/1/594
f 357/1/476 356/1/641 668/1/640 579/1/477
f 687/1/551 345/1/550 591/1/598 590/1/616
f 292/1/478 567/1/481 566/1/597 291/1/526
f 685/1/615 501/1/454 502/1/453 326/1/461
f 670/1/544 523/1/530 524/1/529 340/1/545
f 325/1/462 326/1/461 502/1/453 707/1/625
f 576/1/642 577/1/592 314/1/633 313/1/644
f 288/1/38 700/1/508 699/1/612 563/1/505
f 705/1/604 715/1/559 336/1/562 551/1/554
f 528/1/561 276/1/29 275/1/32 692/1/629
f 550/1/555 551/1/554 336/1/562 335/1/628
f 714/1/610 529/1/204 530/1/203 334/1/580
f 585/1/43 351/1/496 350/1/499 719/1/44
f 518/1/446 286/1/582 285/1/646 733/1/650
f 274/1/202 537/1/497 536/1/608 273/1/494
f 738/1/647 296/1/427 508/1/576 507/1/649
f 737/1/648 747/1/507 332/1/297 547/1/428
f 353/1/432 354/1/536 534/1/491 535/1/433
f 234/1/258 617/1/80 390/1/401 84/1/400
f 200/1/340 596/1/353 370/1/651 66/1/652
f 371/1/636 599/1/383 201/1/407 67/1/637
f 389/1/653 616/1/286 234/1/258 84/1/400
f 233/1/372 614/1/329 388/1/654 83/1/655
f 202/1/656 600/1/320 374/1/657 68/1/658
f 341/1/659 342/1/422 522/1/421 660/1/621
f 367/1/660 594/1/385 199/1/387 65/1/661
f 42/1/309 193/1/252 492/1/343 221/1/306
f 373/1/662 68/1/658 76/1/663 70/1/664
f 368/1/665 595/1/666 209/1/667 75/1/668
f 55/1/77 181/1/260 496/1/311 261/1/78
f 71/1/669 377/1/670 604/1/274 205/1/408
f 206/1/386 594/1/385 367/1/660 72/1/671
f 72/1/671 378/1/672 605/1/335 206/1/386
f 92/1/673 398/1/674 625/1/278 242/1/295
f 88/1/402 238/1/76 621/1/79 394/1/675
f 390/1/401 617/1/80 238/1/76 88/1/402
f 242/1/295 613/1/294 385/1/676 92/1/673
f 91/1/677 397/1/678 624/1/364 241/1/395
f 90/1/679 240/1/370 623/1/410 396/1/680
f 386/1/681 612/1/266 237/1/265 87/1/682
f 374/1/657 600/1/320 210/1/319 76/1/663
f 76/1/663 210/1/319 609/1/405 382/1/683
f 83/1/655 388/1/654 86/1/374 91/1/677
f 235/1/287 616/1/286 389/1/653 85/1/403
f 85/1/403 391/1/684 618/1/376 235/1/287
f 94/1/685 244/1/344 618/1/376 391/1/684
f 95/1/686 393/1/687 620/1/371 245/1/279
f 79/1/688 381/1/689 608/1/337 213/1/336
f 93/1/690 396/1/680 623/1/410 243/1/304
f 93/1/690 243/1/304 622/1/303 395/1/691
f 94/1/685 394/1/675 621/1/79 244/1/344
f 95/1/686 245/1/279 625/1/278 398/1/674
f 79/1/688 213/1/336 605/1/335 378/1/672
f 387/1/692 615/1/373 233/1/372 83/1/655
f 373/1/662 601/1/360 202/1/656 68/1/658
f 383/1/693 611/1/355 231/1/348 81/1/380
f 42/1/309 224/1/406 495/1/404 193/1/252
f 199/1/387 595/1/666 368/1/665 65/1/661
f 232/1/694 612/1/266 386/1/681 82/1/695
f 201/1/407 598/1/367 372/1/696 67/1/637
f 369/1/697 597/1/341 200/1/340 66/1/652
f 69/1/638 203/1/366 602/1/184 375/1/315
f 239/1/394 611/1/355 383/1/693 89/1/698
f 81/1/380 384/1/379 90/1/679 89/1/698
f 556/1/569 557/1/424 342/1/422 341/1/659
f 208/1/384 599/1/383 371/1/636 74/1/639
f 87/1/682 237/1/265 620/1/371 393/1/687
f 204/1/361 601/1/360 373/1/662 70/1/664
f 74/1/639 380/1/699 607/1/378 208/1/384
f 205/1/408 597/1/341 369/1/697 71/1/669
f 384/1/379 610/1/351 240/1/370 90/1/679
f 75/1/668 209/1/667 608/1/337 381/1/689
f 378/1/672 72/1/671 75/1/668 381/1/689
f 369/1/697 66/1/652 73/1/700 71/1/669
f 388/1/654 614/1/329 236/1/328 86/1/374
f 70/1/664 376/1/701 603/1/307 204/1/361
f 720/1/643 588/1/563 589/1/519 359/1/566
f 89/1/698 395/1/691 622/1/303 239/1/394
f 370/1/651 596/1/353 207/1/352 73/1/700
f 367/1/660 65/1/661 75/1/668 72/1/671
f 73/1/700 207/1/352 606/1/409 379/1/702
f 372/1/696 598/1/367 203/1/366 69/1/638
f 82/1/695 386/1/681 87/1/682 92/1/673
f 80/1/314 214/1/183 607/1/378 380/1/699
f 77/1/703 379/1/702 606/1/409 211/1/275
f 385/1/676 613/1/294 232/1/694 82/1/695
f 96/1/704 246/1/194 624/1/364 397/1/678
f 96/1/704 392/1/375 619/1/195 246/1/194
f 78/1/705 382/1/683 609/1/405 212/1/308
f 78/1/705 212/1/308 603/1/307 376/1/701
f 77/1/703 211/1/275 604/1/274 377/1/670
f 360/1/557 361/1/450 587/1/552 717/1/645
f 43/1/331 209/1/667 595/1/666 226/1/347
f 209/1/667 43/1/331 227/1/332 608/1/337
f 309/1/493 310/1/447 518/1/446 733/1/650
f 402/1/101 156/1/224 483/1/223 627/1/102
f 463/1/3 125/1/189 783/1/233 784/1/4
f 156/1/224 402/1/101 630/1/706 486/1/225
f 110/1/707 432/1/708 640/1/60 414/1/59
f 122/1/345 753/1/389 741/1/624 461/1/346
f 158/1/207 404/1/390 631/1/93 487/1/222
f 406/1/709 160/1/68 482/1/67 626/1/710
f 630/1/706 405/1/711 159/1/215 486/1/225
f 417/1/94 631/1/93 404/1/390 98/1/712
f 103/1/95 416/1/713 626/1/710 401/1/92
f 104/1/714 407/1/715 636/1/716 418/1/717
f 412/1/718 639/1/88 417/1/94 98/1/712
f 405/1/711 630/1/706 419/1/719 101/1/268
f 103/1/95 409/1/91 634/1/720 416/1/713
f 411/1/84 641/1/420 422/1/721 102/1/722
f 415/1/61 632/1/723 406/1/709 97/1/62
f 97/1/62 406/1/709 626/1/710 416/1/713
f 100/1/724 408/1/725 635/1/726 420/1/103
f 203/1/366 35/1/322 218/1/185 602/1/184
f 102/1/722 403/1/727 629/1/728 421/1/270
f 419/1/719 630/1/706 402/1/101 99/1/100
f 419/1/719 638/1/729 413/1/269 101/1/268
f 102/1/722 421/1/270 637/1/85 411/1/84
f 98/1/712 404/1/390 628/1/391 418/1/717
f 422/1/721 641/1/420 407/1/715 104/1/714
f 99/1/100 420/1/103 635/1/726 410/1/730
f 399/1/83 633/1/82 422/1/721 104/1/714
f 101/1/268 421/1/270 629/1/728 405/1/711
f 98/1/712 418/1/717 636/1/716 412/1/718
f 415/1/61 640/1/60 408/1/725 100/1/724
f 104/1/714 418/1/717 628/1/391 399/1/83
f 422/1/721 633/1/82 403/1/727 102/1/722
f 410/1/730 638/1/729 419/1/719 99/1/100
f 97/1/62 416/1/713 634/1/720 414/1/59
f 100/1/724 420/1/103 627/1/102 400/1/731
f 400/1/731 632/1/723 415/1/61 100/1/724
f 417/1/94 639/1/88 409/1/91 103/1/95
f 641/1/420 435/1/419 109/1/732 407/1/715
f 426/1/733 646/1/734 434/1/735 112/1/736
f 110/1/707 436/1/737 642/1/738 430/1/739
f 127/1/199 469/1/200 765/1/118 758/1/740
f 430/1/739 648/1/741 432/1/708 110/1/707
f 105/1/742 424/1/743 643/1/744 431/1/745
f 240/1/370 49/1/362 255/1/333 623/1/410
f 109/1/732 423/1/746 644/1/6 438/1/747
f 435/1/419 649/1/748 423/1/746 109/1/732
f 111/1/749 437/1/89 639/1/88 412/1/718
f 427/1/283 649/1/748 435/1/419 107/1/87
f 106/1/750 429/1/751 645/1/282 433/1/86
f 403/1/727 157/1/214 485/1/216 629/1/728
f 112/1/736 431/1/745 643/1/744 426/1/733
f 111/1/749 438/1/747 644/1/6 428/1/5
f 437/1/89 647/1/19 425/1/18 108/1/90
f 432/1/708 648/1/741 424/1/743 105/1/742
f 434/1/735 646/1/734 429/1/751 106/1/750
f 108/1/90 425/1/18 642/1/738 436/1/737
f 428/1/5 647/1/19 437/1/89 111/1/749
f 427/1/283 645/1/282 453/1/752 118/1/753
f 442/1/754 654/1/755 451/1/756 115/1/757
f 115/1/757 451/1/756 646/1/734 426/1/733
f 453/1/752 645/1/282 429/1/751 117/1/758
f 118/1/753 453/1/752 653/1/759 443/1/760
f 443/1/760 657/1/761 454/1/762 118/1/753
f 113/1/763 447/1/764 648/1/741 430/1/739
f 450/1/7 644/1/6 423/1/746 120/1/765
f 117/1/758 445/1/766 653/1/759 453/1/752
f 449/1/20 655/1/71 441/1/63 119/1/17
f 430/1/739 642/1/738 448/1/65 113/1/763
f 117/1/758 429/1/751 646/1/734 451/1/756
f 120/1/765 439/1/767 652/1/768 450/1/7
f 452/1/769 643/1/744 424/1/743 116/1/770
f 118/1/753 454/1/762 649/1/748 427/1/283
f 454/1/762 657/1/761 439/1/767 120/1/765
f 114/1/8 450/1/7 652/1/768 444/1/70
f 114/1/8 449/1/20 647/1/19 428/1/5
f 448/1/65 642/1/738 425/1/18 119/1/17
f 116/1/770 440/1/771 651/1/772 452/1/769
f 451/1/756 654/1/755 445/1/766 117/1/758
f 426/1/733 643/1/744 452/1/769 115/1/757
f 120/1/765 423/1/746 649/1/748 454/1/762
f 447/1/764 656/1/773 440/1/771 116/1/770
f 115/1/757 452/1/769 651/1/772 442/1/754
f 116/1/770 424/1/743 648/1/741 447/1/764
f 446/1/774 656/1/773 447/1/764 113/1/763
f 113/1/763 448/1/65 650/1/64 446/1/774
f 315/1/617 316/1/485 512/1/484 679/1/527
f 26/1/242 185/1/241 174/1/245
f 178/1/243 26/1/242 174/1/245
f 29/1/251 178/1/243 174/1/245
f 189/1/248 29/1/251 174/1/245
f 28/1/249 189/1/248 174/1/245
f 183/1/237 28/1/249 174/1/245
f 25/1/238 183/1/237 174/1/245
f 176/1/239 25/1/238 174/1/245
f 32/1/257 176/1/239 174/1/245
f 190/1/254 32/1/257 174/1/245
f 31/1/255 190/1/254 174/1/245
f 187/1/110 31/1/255 174/1/245
f 174/1/245 27/1/244 187/1/110
f 185/1/241 30/1/253 174/1/245
f 462/1/191 131/1/190 759/1/775 761/1/231
f 132/1/2 756/1/1 765/1/118 469/1/200
f 60/1/235 769/1/234 770/1/4 264/1/142
f 782/1/123 64/1/122 267/1/137 779/1/114
f 772/1/231 780/1/136 63/1/138 263/1/232
f 464/1/141 127/1/199 758/1/740 762/1/116
f 128/1/187 473/1/192 766/1/125 757/1/776
f 131/1/190 468/1/115 763/1/114 759/1/775
f 754/1/777 135/1/193 462/1/191 761/1/231
f 135/1/193 754/1/777 785/1/22 472/1/198
f 771/1/230 62/1/229 270/1/23 768/1/22
f 781/1/120 777/1/124 59/1/127 266/1/121
f 465/1/188 128/1/187 757/1/776 764/1/120
f 136/1/140 755/1/139 766/1/125 473/1/192
f 465/1/188 764/1/120 760/1/113 126/1/112
f 775/1/144 61/1/143 269/1/126 778/1/125
f 222/1/359 471/1/131 134/1/130
f 198/1/236 490/1/300 183/1/237
f 496/1/311 194/1/250 189/1/248 195/1/247
f 191/1/256 491/1/334 198/1/236 176/1/239
f 178/1/243 493/1/280 197/1/240
f 492/1/343 193/1/252 185/1/241 197/1/240
f 180/1/246 495/1/404 196/1/111
f 241/1/395 615/1/373 387/1/692 91/1/677
f 183/1/237 490/1/300 195/1/247
f 194/1/250 493/1/280 178/1/243
f 193/1/252 495/1/404 180/1/246
f 192/1/109 497/1/338 190/1/254
f 190/1/254 497/1/338 191/1/256
f 230/1/262 466/1/261 122/1/345
f 129/1/132 234/1/258 616/1/286 252/1/285
f 181/1/260 47/1/263 229/1/312 496/1/311
f 182/1/290 38/1/368 247/1/302 497/1/338
f 36/1/284 235/1/287 618/1/376 251/1/301
f 46/1/318 188/1/392 495/1/404 224/1/406
f 236/1/328 50/1/327 249/1/196 619/1/195
f 259/1/354 461/1/346 124/1/134
f 134/1/130 202/1/656 601/1/360 222/1/359
f 200/1/340 130/1/339 215/1/288 596/1/353
f 220/1/382 470/1/357 133/1/25
f 210/1/319 46/1/318 224/1/406 609/1/405
f 252/1/285 458/1/28 129/1/132
f 232/1/694 123/1/342 254/1/267 612/1/266
f 40/1/358 204/1/361 603/1/307 221/1/306
f 38/1/368 239/1/394 622/1/303 247/1/302
f 184/1/363 33/1/381 219/1/377 491/1/334
f 248/1/356 459/1/289 121/1/349
f 133/1/25 201/1/407 599/1/383 220/1/382
f 47/1/263 206/1/386 605/1/335 229/1/312
f 33/1/381 208/1/384 607/1/378 219/1/377
f 225/1/325 467/1/324 130/1/339
f 202/1/656 134/1/130 228/1/321 600/1/320
f 485/1/216 159/1/215 405/1/711 629/1/728
f 199/1/387 122/1/345 226/1/347 595/1/666
f 233/1/372 124/1/134 257/1/330 614/1/329
f 253/1/293 460/1/393 123/1/342
f 207/1/352 39/1/291 216/1/365 606/1/409
f 52/1/264 179/1/323 494/1/108 260/1/272
f 412/1/718 636/1/716 438/1/747 111/1/749
f 640/1/60 432/1/708 105/1/742 408/1/725
f 436/1/737 634/1/720 409/1/91 108/1/90
f 123/1/342 232/1/694 613/1/294 253/1/293
f 68/1/658 374/1/657 76/1/663
f 395/1/691 89/1/698 90/1/679 396/1/680
f 382/1/683 78/1/705 376/1/701
f 65/1/661 368/1/665 75/1/668
f 391/1/684 85/1/403 88/1/402 394/1/675
f 381/1/689 79/1/688 378/1/672
f 385/1/676 82/1/695 92/1/673
f 376/1/701 70/1/664 76/1/663 382/1/683
f 393/1/687 95/1/686 398/1/674
f 66/1/652 370/1/651 73/1/700
f 380/1/699 74/1/639 69/1/638 375/1/315
f 379/1/702 77/1/703 377/1/670
f 389/1/653 84/1/400 85/1/403
f 377/1/670 71/1/669 73/1/700 379/1/702
f 394/1/675 94/1/685 391/1/684
f 383/1/693 81/1/380 89/1/698
f 397/1/678 91/1/677 86/1/374 392/1/375
f 396/1/680 93/1/690 395/1/691
f 67/1/637 372/1/696 69/1/638
f 398/1/674 92/1/673 87/1/682 393/1/687
f 375/1/315 80/1/314 380/1/699
f 387/1/692 83/1/655 91/1/677
f 258/1/81 466/1/261 181/1/260 55/1/77
f 392/1/375 96/1/704 397/1/678
f 188/1/392 54/1/292 262/1/277 495/1/404
f 482/1/67 155/1/219 401/1/92 626/1/710
f 160/1/68 406/1/709 632/1/723 488/1/211
f 431/1/745 635/1/726 408/1/725 105/1/742
f 638/1/729 434/1/735 106/1/750 413/1/269
f 438/1/747 636/1/716 407/1/715 109/1/732
f 483/1/223 154/1/212 400/1/731 627/1/102
f 157/1/214 403/1/727 633/1/82 489/1/49
f 631/1/93 401/1/92 155/1/219 487/1/222
f 484/1/206 153/1/50 399/1/83 628/1/391
f 632/1/723 400/1/731 154/1/212 488/1/211
f 414/1/59 634/1/720 436/1/737 110/1/707
f 112/1/736 434/1/735 638/1/729 410/1/730
f 433/1/86 637/1/85 413/1/269 106/1/750
f 179/1/323 44/1/326 223/1/273 494/1/108
f 410/1/730 635/1/726 431/1/745 112/1/736
f 819/1/245 820/1/245 818/1/245
f 820/1/245 821/1/245 818/1/245
f 821/1/245 822/1/245 818/1/245
f 822/1/245 823/1/245 818/1/245
f 823/1/245 824/1/245 818/1/245
f 824/1/245 825/1/245 818/1/245
f 825/1/245 826/1/245 818/1/245
f 826/1/245 819/1/245 818/1/245
f 837/1/797 836/1/797 835/1/797
f 838/1/797 837/1/797 835/1/797
f 839/1/797 838/1/797 835/1/797
f 840/1/797 839/1/797 835/1/797
f 841/1/797 840/1/797 835/1/797
f 842/1/797 841/1/797 835/1/797
f 843/1/797 842/1/797 835/1/797
f 836/1/797 843/1/797 835/1/797
f 2051/1/2107 2052/1/125 2044/1/125 2048/1/776
f 2047/1/1 2063/1/2109 2033/1/4 2039/1/4
f 2057/1/2118 2058/1/118 2043/1/118 2049/1/740
f 2033/1/4 2032/1/2119 2050/1/233 2039/1/4
f 2053/1/2120 2046/1/139 2044/1/125 2052/1/125
f 2061/1/120 2051/1/2107 2048/1/776 2041/1/120
f 2060/1/231 2056/1/2121 2035/1/775 2037/1/231
f 2062/1/2122 2036/1/113 2040/1/114 2055/1/114
f 2054/1/116 2057/1/2118 2049/1/740 2038/1/116
f 2063/1/2109 2047/1/1 2043/1/118 2058/1/118
f 2046/1/139 2053/1/2120 2054/1/116 2038/1/116
f 2056/1/2121 2055/1/114 2040/1/114 2035/1/775
f 2045/1/777 2059/1/2124 2060/1/231 2037/1/231
f 2059/1/2124 2045/1/777 2042/1/22 2034/1/22
f 2061/1/120 2041/1/120 2036/1/113 2062/1/2122
f 2032/1/2119 2034/1/22 2042/1/22 2050/1/233
f 819/1/245 828/1/245 820/1/245
f 820/1/245 829/1/245 821/1/245
f 821/1/245 830/1/245 822/1/245
f 822/1/245 831/1/245 823/1/245
f 823/1/245 832/1/245 824/1/245
f 824/1/245 833/1/245 825/1/245
f 825/1/245 834/1/245 826/1/245
f 826/1/245 827/1/245 819/1/245
f 837/1/797 845/1/797 836/1/797
f 838/1/797 846/1/797 837/1/797
f 839/1/797 847/1/797 838/1/797
f 840/1/797 848/1/797 839/1/797
f 841/1/797 849/1/797 840/1/797
f 842/1/797 850/1/797 841/1/797
f 843/1/797 851/1/797 842/1/797
f 836/1/797 844/1/797 843/1/797
